num,date,q
1,2006-01-02,1389.27
2,2006-01-03,1394.87
3,2006-01-04,1402.11
4,2006-01-05,1395.51
5,2006-01-06,1412.78
6,2006-01-09,1408.33
7,2006-01-10,1396.29
8,2006-01-11,1394.09
9,2006-01-12,1402.58
10,2006-01-13,1416.28
11,2006-01-16,1421.79
12,2006-01-17,1389.58
13,2006-01-18,1352.91
14,2006-01-19,1360.64
15,2006-01-20,1324.78
16,2006-01-23,1297.43
17,2006-01-24,1326.83
18,2006-01-25,1342.59
19,2006-01-26,1352.75
20,2006-01-27,1384.56
21,2006-01-31,1399.83
22,2006-02-01,1375.97
23,2006-02-02,1374.44
24,2006-02-03,1333.5
25,2006-02-06,1341.64
26,2006-02-07,1332.28
27,2006-02-08,1310.99
28,2006-02-09,1321.66
29,2006-02-10,1335.23
30,2006-02-13,1320.79
31,2006-02-14,1328.21
32,2006-02-15,1303.84
33,2006-02-16,1314.32
34,2006-02-17,1332.73
35,2006-02-20,1348.25
36,2006-02-21,1346.49
37,2006-02-22,1340.58
38,2006-02-23,1361.23
39,2006-02-24,1365.82
40,2006-02-27,1374.88
41,2006-02-28,1371.59
42,2006-03-02,1367.7
43,2006-03-03,1328.95
44,2006-03-06,1344.76
45,2006-03-07,1316.67
46,2006-03-08,1314.05
47,2006-03-09,1311.21
48,2006-03-10,1320.07
49,2006-03-13,1338.28
50,2006-03-14,1326.3
51,2006-03-15,1333.98
52,2006-03-16,1335.98
53,2006-03-17,1341.12
54,2006-03-20,1346.69
55,2006-03-21,1336.65
56,2006-03-22,1309.83
57,2006-03-23,1312.26
58,2006-03-24,1321.23
59,2006-03-27,1330.34
60,2006-03-28,1331.31
61,2006-03-29,1332.72
62,2006-03-30,1338.14
63,2006-03-31,1359.6
64,2006-04-03,1379.75
65,2006-04-04,1385.64
66,2006-04-05,1388.77
67,2006-04-06,1397
68,2006-04-07,1402.36
69,2006-04-10,1398.29
70,2006-04-11,1386.08
71,2006-04-12,1383.59
72,2006-04-13,1405.72
73,2006-04-14,1432.72
74,2006-04-17,1422.63
75,2006-04-18,1427
76,2006-04-19,1437.84
77,2006-04-20,1434.15
78,2006-04-21,1451.31
79,2006-04-24,1430.94
80,2006-04-25,1431.15
81,2006-04-26,1451.22
82,2006-04-27,1452.53
83,2006-04-28,1419.73
84,2006-05-02,1434.9
85,2006-05-03,1435.17
86,2006-05-04,1441.02
87,2006-05-08,1452.23
88,2006-05-09,1450.44
89,2006-05-10,1451.09
90,2006-05-11,1464.7
91,2006-05-12,1445.2
92,2006-05-15,1413.98
93,2006-05-16,1382.11
94,2006-05-17,1401.47
95,2006-05-18,1365.15
96,2006-05-19,1372.29
97,2006-05-22,1338.59
98,2006-05-23,1329.86
99,2006-05-24,1333.38
100,2006-05-25,1295.76
101,2006-05-26,1322.43
102,2006-05-29,1329.22
103,2006-05-30,1317.7
104,2006-06-01,1295.09
105,2006-06-02,1309.04
106,2006-06-05,1301.62
107,2006-06-07,1266.84
108,2006-06-08,1223.13
109,2006-06-09,1235.65
110,2006-06-12,1239.84
111,2006-06-13,1203.86
112,2006-06-14,1221.73
113,2006-06-15,1219.4
114,2006-06-16,1262.19
115,2006-06-19,1251.67
116,2006-06-20,1225.83
117,2006-06-21,1227.19
118,2006-06-22,1238.83
119,2006-06-23,1228.62
120,2006-06-26,1238.05
121,2006-06-27,1247.54
122,2006-06-28,1238.71
123,2006-06-29,1263.02
124,2006-06-30,1295.15
125,2006-07-03,1294.61
126,2006-07-04,1285.92
127,2006-07-05,1279.85
128,2006-07-06,1263.96
129,2006-07-07,1273.93
130,2006-07-10,1299.29
131,2006-07-11,1300.44
132,2006-07-12,1296.69
133,2006-07-13,1285.02
134,2006-07-14,1255.13
135,2006-07-18,1233.42
136,2006-07-19,1233.65
137,2006-07-20,1273.3
138,2006-07-21,1271.33
139,2006-07-24,1263.35
140,2006-07-25,1279.77
141,2006-07-26,1279.08
142,2006-07-27,1296.27
143,2006-07-28,1297.07
144,2006-07-31,1297.82
145,2006-08-01,1287.36
146,2006-08-02,1295.11
147,2006-08-03,1292.05
148,2006-08-04,1304.51
149,2006-08-07,1289.54
150,2006-08-08,1311.1
151,2006-08-09,1314.93
152,2006-08-10,1304.31
153,2006-08-11,1292.1
154,2006-08-14,1295.11
155,2006-08-16,1315.61
156,2006-08-17,1327.78
157,2006-08-18,1331.1
158,2006-08-21,1321.67
159,2006-08-22,1334.96
160,2006-08-23,1324.95
161,2006-08-24,1315.73
162,2006-08-25,1329.35
163,2006-08-28,1327.89
164,2006-08-29,1344.61
165,2006-08-30,1341.35
166,2006-08-31,1352.74
167,2006-09-01,1356.67
168,2006-09-04,1359.06
169,2006-09-05,1361.24
170,2006-09-06,1357.01
171,2006-09-07,1351.17
172,2006-09-08,1354.89
173,2006-09-11,1334.08
174,2006-09-12,1328.04
175,2006-09-13,1333.13
176,2006-09-14,1358.75
177,2006-09-15,1361.1
178,2006-09-18,1374.3
179,2006-09-19,1373.95
180,2006-09-20,1366.44
181,2006-09-21,1366.79
182,2006-09-22,1348.38
183,2006-09-25,1355.21
184,2006-09-26,1343.97
185,2006-09-27,1360.03
186,2006-09-28,1371.43
187,2006-09-29,1371.41
188,2006-10-02,1374.22
189,2006-10-04,1352
190,2006-10-09,1319.4
191,2006-10-10,1328.37
192,2006-10-11,1325.49
193,2006-10-12,1331.78
194,2006-10-13,1348.6
195,2006-10-16,1356.72
196,2006-10-17,1351.3
197,2006-10-18,1354.26
198,2006-10-19,1354.06
199,2006-10-20,1364.24
200,2006-10-23,1364.95
201,2006-10-24,1366.5
202,2006-10-25,1371.43
203,2006-10-26,1373.65
204,2006-10-27,1369.09
205,2006-10-30,1356.11
206,2006-10-31,1364.55
207,2006-11-01,1374.35
208,2006-11-02,1383.73
209,2006-11-03,1383.88
210,2006-11-06,1379.19
211,2006-11-07,1387.44
212,2006-11-08,1380.07
213,2006-11-09,1399.44
214,2006-11-10,1395.73
215,2006-11-13,1396.69
216,2006-11-14,1407.37
217,2006-11-15,1412.54
218,2006-11-16,1410.75
219,2006-11-17,1412.22
220,2006-11-20,1402.21
221,2006-11-21,1405.9
222,2006-11-22,1422.54
223,2006-11-23,1419.23
224,2006-11-24,1421.73
225,2006-11-27,1425.13
226,2006-11-28,1411.47
227,2006-11-29,1422.55
228,2006-11-30,1432.21
229,2006-12-01,1434.36
230,2006-12-04,1426.46
231,2006-12-05,1420.59
232,2006-12-06,1413.73
233,2006-12-07,1410.3
234,2006-12-08,1390.43
235,2006-12-11,1390.73
236,2006-12-12,1376.98
237,2006-12-13,1383.28
238,2006-12-14,1418.38
239,2006-12-15,1421.87
240,2006-12-18,1433.23
241,2006-12-19,1427.76
242,2006-12-20,1442.28
243,2006-12-21,1436.47
244,2006-12-22,1437.49
245,2006-12-26,1433.92
246,2006-12-27,1425.1
247,2006-12-28,1434.46
248,2007-01-02,1435.26
249,2007-01-03,1409.35
250,2007-01-04,1397.29
251,2007-01-05,1385.76
252,2007-01-08,1370.81
253,2007-01-09,1374.34
254,2007-01-10,1355.79
255,2007-01-11,1365.31
256,2007-01-12,1388.37
257,2007-01-15,1390.96
258,2007-01-16,1389.71
259,2007-01-17,1379.48
260,2007-01-18,1383.21
261,2007-01-19,1360.56
262,2007-01-22,1363.41
263,2007-01-23,1363.09
264,2007-01-24,1383.06
265,2007-01-25,1382.36
266,2007-01-26,1371.33
267,2007-01-29,1363.1
268,2007-01-30,1370.72
269,2007-01-31,1360.23
270,2007-02-01,1382.9
271,2007-02-02,1413.14
272,2007-02-05,1417.95
273,2007-02-06,1428.58
274,2007-02-07,1426.29
275,2007-02-08,1423.58
276,2007-02-09,1427.68
277,2007-02-12,1414.29
278,2007-02-13,1418.44
279,2007-02-14,1436.1
280,2007-02-15,1443.63
281,2007-02-16,1448.81
282,2007-02-20,1452.96
283,2007-02-21,1451.38
284,2007-02-22,1465.41
285,2007-02-23,1469.88
286,2007-02-26,1470.03
287,2007-02-27,1454.6
288,2007-02-28,1417.34
289,2007-03-02,1414.47
290,2007-03-05,1376.15
291,2007-03-06,1402.93
292,2007-03-07,1410.95
293,2007-03-08,1423.89
294,2007-03-09,1423.58
295,2007-03-12,1441.33
296,2007-03-13,1436.05
297,2007-03-14,1407.37
298,2007-03-15,1426.93
299,2007-03-16,1427.88
300,2007-03-19,1443.39
301,2007-03-20,1444.17
302,2007-03-21,1442.85
303,2007-03-22,1448.53
304,2007-03-23,1447.38
305,2007-03-26,1449.77
306,2007-03-27,1453.23
307,2007-03-28,1439.74
308,2007-03-29,1450.95
309,2007-03-30,1452.55
310,2007-04-02,1459.53
311,2007-04-03,1463.75
312,2007-04-04,1483.41
313,2007-04-05,1482.04
314,2007-04-06,1484.15
315,2007-04-09,1501.06
316,2007-04-10,1499.16
317,2007-04-11,1513.42
318,2007-04-12,1525.61
319,2007-04-13,1520.78
320,2007-04-16,1532.04
321,2007-04-17,1528.66
322,2007-04-18,1534.58
323,2007-04-19,1513.66
324,2007-04-20,1533.08
325,2007-04-23,1544.35
326,2007-04-24,1556.71
327,2007-04-25,1545.55
328,2007-04-26,1553.13
329,2007-04-27,1542.52
330,2007-04-30,1542.24
331,2007-05-02,1553.3
332,2007-05-03,1559.86
333,2007-05-04,1567.74
334,2007-05-07,1584.46
335,2007-05-08,1582.65
336,2007-05-09,1593.42
337,2007-05-10,1599.68
338,2007-05-11,1603.56
339,2007-05-14,1605.77
340,2007-05-15,1589.37
341,2007-05-16,1600.6
342,2007-05-17,1615.58
343,2007-05-18,1612.25
344,2007-05-21,1628.2
345,2007-05-22,1642.88
346,2007-05-23,1646.59
347,2007-05-25,1644.56
348,2007-05-28,1657.91
349,2007-05-29,1661.8
350,2007-05-30,1662.72
351,2007-05-31,1700.91
352,2007-06-01,1716.24
353,2007-06-04,1737.59
354,2007-06-05,1742.19
355,2007-06-07,1753.04
356,2007-06-08,1727.28
357,2007-06-11,1716.56
358,2007-06-12,1729.88
359,2007-06-13,1721.99
360,2007-06-14,1769.18
361,2007-06-15,1772.26
362,2007-06-18,1806.88
363,2007-06-19,1807.85
364,2007-06-20,1783.79
365,2007-06-21,1794.24
366,2007-06-22,1770.98
367,2007-06-25,1757.73
368,2007-06-26,1749.55
369,2007-06-27,1733.1
370,2007-06-28,1751.75
371,2007-06-29,1743.6
372,2007-07-02,1771.35
373,2007-07-03,1805.5
374,2007-07-04,1838.41
375,2007-07-05,1847.79
376,2007-07-06,1861.01
377,2007-07-09,1883.59
378,2007-07-10,1894.53
379,2007-07-11,1889.96
380,2007-07-12,1909.75
381,2007-07-13,1962.93
382,2007-07-16,1949.51
383,2007-07-18,1930.7
384,2007-07-19,1937.9
385,2007-07-20,1983.54
386,2007-07-23,1993.05
387,2007-07-24,1992.26
388,2007-07-25,2004.22
389,2007-07-26,1963.54
390,2007-07-27,1883.22
391,2007-07-30,1906.71
392,2007-07-31,1933.27
393,2007-08-01,1856.45
394,2007-08-02,1853.07
395,2007-08-03,1876.8
396,2007-08-06,1855.05
397,2007-08-07,1859.82
398,2007-08-08,1903.41
399,2007-08-09,1908.68
400,2007-08-10,1828.49
401,2007-08-13,1849.26
402,2007-08-14,1817.89
403,2007-08-16,1691.98
404,2007-08-17,1638.07
405,2007-08-20,1731.27
406,2007-08-21,1736.18
407,2007-08-22,1759.5
408,2007-08-23,1799.72
409,2007-08-24,1791.33
410,2007-08-27,1803.03
411,2007-08-28,1829.31
412,2007-08-29,1826.19
413,2007-08-30,1841.7
414,2007-08-31,1873.24
415,2007-09-03,1881.81
416,2007-09-04,1874.74
417,2007-09-05,1865.59
418,2007-09-06,1888.81
419,2007-09-07,1884.9
420,2007-09-10,1835.87
421,2007-09-11,1847.36
422,2007-09-12,1813.52
423,2007-09-13,1848.02
424,2007-09-14,1870.02
425,2007-09-17,1871.68
426,2007-09-18,1838.61
427,2007-09-19,1902.65
428,2007-09-20,1908.97
429,2007-09-21,1919.26
430,2007-09-27,1945.28
431,2007-09-28,1946.48
432,2007-10-01,1962.67
433,2007-10-02,2014.09
434,2007-10-04,2003.6
435,2007-10-05,1996.03
436,2007-10-08,2012.82
437,2007-10-09,2014.13
438,2007-10-10,2041.12
439,2007-10-11,2058.85
440,2007-10-12,2026.44
441,2007-10-15,2035.39
442,2007-10-16,2005.76
443,2007-10-17,1983.94
444,2007-10-18,2005.09
445,2007-10-19,1970.1
446,2007-10-22,1903.81
447,2007-10-23,1947.98
448,2007-10-24,1933.36
449,2007-10-25,1976.75
450,2007-10-26,2028.06
451,2007-10-29,2062.92
452,2007-10-30,2052.37
453,2007-10-31,2064.85
454,2007-11-01,2063.14
455,2007-11-02,2019.34
456,2007-11-05,2015.76
457,2007-11-06,2054.24
458,2007-11-07,2043.19
459,2007-11-08,1979.56
460,2007-11-09,1990.47
461,2007-11-12,1923.42
462,2007-11-13,1932.89
463,2007-11-14,1972.58
464,2007-11-15,1947.74
465,2007-11-16,1926.2
466,2007-11-19,1893.47
467,2007-11-20,1872.24
468,2007-11-21,1806.99
469,2007-11-22,1799.02
470,2007-11-23,1772.88
471,2007-11-26,1855.33
472,2007-11-27,1859.79
473,2007-11-28,1834.69
474,2007-11-29,1877.56
475,2007-11-30,1906
476,2007-12-03,1902.43
477,2007-12-04,1917.83
478,2007-12-05,1938.2
479,2007-12-06,1953.17
480,2007-12-07,1934.32
481,2007-12-10,1906.42
482,2007-12-11,1925.07
483,2007-12-12,1927.45
484,2007-12-13,1915.9
485,2007-12-14,1895.05
486,2007-12-17,1839.82
487,2007-12-18,1861.47
488,2007-12-20,1844.37
489,2007-12-21,1878.32
490,2007-12-24,1919.47
491,2007-12-26,1906.72
492,2007-12-27,1908.62
493,2007-12-28,1897.13
494,2008-01-02,1853.45
495,2008-01-03,1852.73
496,2008-01-04,1863.9
497,2008-01-07,1831.14
498,2008-01-08,1826.23
499,2008-01-09,1844.47
500,2008-01-10,1824.78
501,2008-01-11,1782.27
502,2008-01-14,1765.88
503,2008-01-15,1746.95
504,2008-01-16,1704.97
505,2008-01-17,1723.55
506,2008-01-18,1734.72
507,2008-01-21,1683.56
508,2008-01-22,1609.02
509,2008-01-23,1628.42
510,2008-01-24,1663
511,2008-01-25,1692.41
512,2008-01-28,1627.19
513,2008-01-29,1637.91
514,2008-01-30,1589.06
515,2008-01-31,1624.68
516,2008-02-01,1634.53
517,2008-02-04,1690.13
518,2008-02-05,1696.57
519,2008-02-11,1640.67
520,2008-02-12,1643.29
521,2008-02-13,1631.78
522,2008-02-14,1697.45
523,2008-02-15,1694.77
524,2008-02-18,1696.24
525,2008-02-19,1720.52
526,2008-02-20,1687.91
527,2008-02-21,1704.36
528,2008-02-22,1686.45
529,2008-02-25,1709.13
530,2008-02-26,1709.13
531,2008-02-27,1720.89
532,2008-02-28,1736.17
533,2008-02-29,1711.62
534,2008-03-03,1671.73
535,2008-03-04,1676.18
536,2008-03-05,1677.1
537,2008-03-06,1697.44
538,2008-03-07,1663.97
539,2008-03-10,1625.17
540,2008-03-11,1641.48
541,2008-03-12,1658.83
542,2008-03-13,1615.62
543,2008-03-14,1600.26
544,2008-03-17,1574.44
545,2008-03-18,1588.75
546,2008-03-19,1622.23
547,2008-03-20,1623.39
548,2008-03-21,1645.69
549,2008-03-24,1655.3
550,2008-03-25,1674.93
551,2008-03-26,1679.67
552,2008-03-27,1676.24
553,2008-03-28,1701.83
554,2008-03-31,1703.99
555,2008-04-01,1702.25
556,2008-04-02,1742.19
557,2008-04-03,1763.63
558,2008-04-04,1766.49
559,2008-04-07,1773.56
560,2008-04-08,1754.71
561,2008-04-10,1764.64
562,2008-04-11,1779.71
563,2008-04-14,1746.71
564,2008-04-15,1742.17
565,2008-04-16,1758.56
566,2008-04-17,1768.67
567,2008-04-18,1771.9
568,2008-04-21,1800.48
569,2008-04-22,1787.49
570,2008-04-23,1800.79
571,2008-04-24,1799.34
572,2008-04-25,1824.68
573,2008-04-28,1823.17
574,2008-04-29,1811.51
575,2008-04-30,1825.47
576,2008-05-02,1848.27
577,2008-05-06,1859.06
578,2008-05-07,1854.01
579,2008-05-08,1848
580,2008-05-09,1823.7
581,2008-05-13,1842.8
582,2008-05-14,1843.75
583,2008-05-15,1885.71
584,2008-05-16,1888.88
585,2008-05-19,1885.37
586,2008-05-20,1873.15
587,2008-05-21,1847.51
588,2008-05-22,1835.42
589,2008-05-23,1827.94
590,2008-05-26,1800.58
591,2008-05-27,1825.23
592,2008-05-28,1805.64
593,2008-05-29,1841.22
594,2008-05-30,1852.02
595,2008-06-02,1847.53
596,2008-06-03,1819.39
597,2008-06-04,1833.81
598,2008-06-05,1832.31
599,2008-06-09,1808.96
600,2008-06-10,1774.38
601,2008-06-11,1781.67
602,2008-06-12,1739.36
603,2008-06-13,1747.35
604,2008-06-16,1760.82
605,2008-06-17,1750.71
606,2008-06-18,1774.13
607,2008-06-19,1740.72
608,2008-06-20,1731
609,2008-06-23,1715.59
610,2008-06-24,1710.84
611,2008-06-25,1717.79
612,2008-06-26,1717.66
613,2008-06-27,1684.45
614,2008-06-30,1674.92
615,2008-07-01,1666.46
616,2008-07-02,1623.6
617,2008-07-03,1606.54
618,2008-07-04,1577.94
619,2008-07-07,1579.72
620,2008-07-08,1533.47
621,2008-07-09,1519.38
622,2008-07-10,1537.43
623,2008-07-11,1567.51
624,2008-07-14,1558.62
625,2008-07-15,1509.33
626,2008-07-16,1507.4
627,2008-07-17,1525.56
628,2008-07-18,1509.99
629,2008-07-21,1562.92
630,2008-07-22,1561.23
631,2008-07-23,1591.76
632,2008-07-24,1626.14
633,2008-07-25,1597.93
634,2008-07-28,1598.29
635,2008-07-29,1567.2
636,2008-07-30,1577.7
637,2008-07-31,1594.67
638,2008-08-01,1573.77
639,2008-08-04,1543.05
640,2008-08-05,1535.54
641,2008-08-06,1578.71
642,2008-08-07,1564
643,2008-08-08,1568.72
644,2008-08-11,1581.09
645,2008-08-12,1577.12
646,2008-08-13,1562.72
647,2008-08-14,1572.19
648,2008-08-18,1567.71
649,2008-08-19,1541.41
650,2008-08-20,1540.71
651,2008-08-21,1512.59
652,2008-08-22,1496.91
653,2008-08-25,1502.11
654,2008-08-26,1490.25
655,2008-08-27,1493.92
656,2008-08-28,1474.15
657,2008-08-29,1474.24
658,2008-09-01,1414.43
659,2008-09-02,1407.14
660,2008-09-03,1426.89
661,2008-09-04,1426.43
662,2008-09-05,1404.38
663,2008-09-08,1476.65
664,2008-09-09,1454.5
665,2008-09-10,1464.98
666,2008-09-11,1443.24
667,2008-09-12,1477.92
668,2008-09-16,1387.75
669,2008-09-17,1425.26
670,2008-09-18,1392.42
671,2008-09-19,1455.78
672,2008-09-22,1460.34
673,2008-09-23,1481.37
674,2008-09-24,1495.98
675,2008-09-25,1501.63
676,2008-09-26,1476.33
677,2008-09-29,1456.36
678,2008-09-30,1448.06
679,2008-10-01,1439.67
680,2008-10-02,1419.65
681,2008-10-06,1358.75
682,2008-10-07,1366.1
683,2008-10-08,1286.69
684,2008-10-09,1294.89
685,2008-10-10,1241.47
686,2008-10-13,1288.53
687,2008-10-14,1367.69
688,2008-10-15,1340.28
689,2008-10-16,1213.78
690,2008-10-17,1180.67
691,2008-10-20,1207.63
692,2008-10-21,1196.1
693,2008-10-22,1134.59
694,2008-10-23,1049.71
695,2008-10-24,938.75
696,2008-10-27,946.45
697,2008-10-28,999.16
698,2008-10-29,968.97
699,2008-10-30,1084.72
700,2008-10-31,1113.06
701,2008-11-03,1129.08
702,2008-11-04,1153.35
703,2008-11-05,1181.5
704,2008-11-06,1092.22
705,2008-11-07,1134.49
706,2008-11-10,1152.46
707,2008-11-11,1128.73
708,2008-11-12,1123.86
709,2008-11-13,1088.44
710,2008-11-14,1088.26
711,2008-11-17,1078.32
712,2008-11-18,1036.16
713,2008-11-19,1016.82
714,2008-11-20,948.69
715,2008-11-21,1003.73
716,2008-11-24,970.14
717,2008-11-25,983.32
718,2008-11-26,1029.78
719,2008-11-27,1063.48
720,2008-11-28,1076.07
721,2008-12-01,1058.62
722,2008-12-02,1023.2
723,2008-12-03,1022.67
724,2008-12-04,1006.54
725,2008-12-05,1028.13
726,2008-12-08,1105.05
727,2008-12-09,1105.84
728,2008-12-10,1145.87
729,2008-12-11,1154.43
730,2008-12-12,1103.82
731,2008-12-15,1158.19
732,2008-12-16,1161.56
733,2008-12-17,1169.75
734,2008-12-18,1175.91
735,2008-12-19,1180.97
736,2008-12-22,1179.61
737,2008-12-23,1144.31
738,2008-12-24,1128.51
739,2008-12-26,1117.86
740,2008-12-29,1117.59
741,2008-12-30,1124.47
742,2009-01-02,1157.4
743,2009-01-05,1173.57
744,2009-01-06,1194.28
745,2009-01-07,1228.17
746,2009-01-08,1205.7
747,2009-01-09,1180.96
748,2009-01-12,1156.75
749,2009-01-13,1167.71
750,2009-01-14,1182.68
751,2009-01-15,1111.34
752,2009-01-16,1135.2
753,2009-01-19,1150.65
754,2009-01-20,1126.81
755,2009-01-21,1103.61
756,2009-01-22,1116.23
757,2009-01-23,1093.4
758,2009-01-28,1157.98
759,2009-01-29,1166.56
760,2009-01-30,1162.11
761,2009-02-02,1146.95
762,2009-02-03,1163.2
763,2009-02-04,1195.37
764,2009-02-05,1177.88
765,2009-02-06,1210.26
766,2009-02-09,1202.69
767,2009-02-10,1198.87
768,2009-02-11,1190.18
769,2009-02-12,1179.84
770,2009-02-13,1192.44
771,2009-02-16,1175.47
772,2009-02-17,1127.19
773,2009-02-18,1113.19
774,2009-02-19,1107.1
775,2009-02-20,1065.95
776,2009-02-23,1099.55
777,2009-02-24,1063.88
778,2009-02-25,1067.08
779,2009-02-26,1054.79
780,2009-02-27,1063.03
781,2009-03-02,1018.81
782,2009-03-03,1025.57
783,2009-03-04,1059.26
784,2009-03-05,1058.18
785,2009-03-06,1055.03
786,2009-03-09,1071.73
787,2009-03-10,1092.2
788,2009-03-11,1127.51
789,2009-03-12,1128.39
790,2009-03-13,1126.03
791,2009-03-16,1125.46
792,2009-03-17,1163.88
793,2009-03-18,1169.95
794,2009-03-19,1161.81
795,2009-03-20,1170.94
796,2009-03-23,1199.5
797,2009-03-24,1221.7
798,2009-03-25,1229.02
799,2009-03-26,1243.8
800,2009-03-27,1237.51
801,2009-03-30,1197.46
802,2009-03-31,1206.26
803,2009-04-01,1233.36
804,2009-04-02,1276.97
805,2009-04-03,1283.75
806,2009-04-06,1297.85
807,2009-04-07,1300.1
808,2009-04-08,1262.07
809,2009-04-09,1316.35
810,2009-04-10,1336.04
811,2009-04-13,1338.26
812,2009-04-14,1342.63
813,2009-04-15,1333.09
814,2009-04-16,1336.72
815,2009-04-17,1329
816,2009-04-20,1336.39
817,2009-04-21,1336.81
818,2009-04-22,1356.02
819,2009-04-23,1368.8
820,2009-04-24,1354.1
821,2009-04-27,1339.83
822,2009-04-28,1300.24
823,2009-04-29,1338.42
824,2009-04-30,1369.36
825,2009-05-04,1397.92
826,2009-05-06,1393.45
827,2009-05-07,1401.08
828,2009-05-08,1412.13
829,2009-05-11,1415.16
830,2009-05-12,1403.51
831,2009-05-13,1414.52
832,2009-05-14,1380.95
833,2009-05-15,1391.73
834,2009-05-18,1386.68
835,2009-05-19,1428.21
836,2009-05-20,1435.7
837,2009-05-21,1421.65
838,2009-05-22,1403.75
839,2009-05-25,1400.9
840,2009-05-26,1372.04
841,2009-05-27,1362.02
842,2009-05-28,1392.17
843,2009-05-29,1395.89
844,2009-06-01,1415.1
845,2009-06-02,1412.85
846,2009-06-03,1414.89
847,2009-06-04,1378.14
848,2009-06-05,1394.71
849,2009-06-08,1393.3
850,2009-06-09,1371.84
851,2009-06-10,1414.88
852,2009-06-11,1419.39
853,2009-06-12,1428.59
854,2009-06-15,1412.42
855,2009-06-16,1399.15
856,2009-06-17,1391.17
857,2009-06-18,1375.76
858,2009-06-19,1383.34
859,2009-06-22,1399.71
860,2009-06-23,1360.54
861,2009-06-24,1363.79
862,2009-06-25,1392.73
863,2009-06-26,1394.53
864,2009-06-29,1388.45
865,2009-06-30,1390.07
866,2009-07-01,1411.66
867,2009-07-02,1411.48
868,2009-07-03,1420.04
869,2009-07-06,1428.94
870,2009-07-07,1434.2
871,2009-07-08,1431.02
872,2009-07-09,1430.89
873,2009-07-10,1428.62
874,2009-07-13,1378.12
875,2009-07-14,1385.56
876,2009-07-15,1420.86
877,2009-07-16,1432.22
878,2009-07-17,1440.1
879,2009-07-20,1478.51
880,2009-07-21,1488.99
881,2009-07-22,1494.04
882,2009-07-23,1496.49
883,2009-07-24,1502.59
884,2009-07-27,1524.05
885,2009-07-28,1526.03
886,2009-07-29,1524.32
887,2009-07-30,1534.74
888,2009-07-31,1557.29
889,2009-08-03,1564.98
890,2009-08-04,1566.37
891,2009-08-05,1559.47
892,2009-08-06,1565.04
893,2009-08-07,1576
894,2009-08-10,1576.11
895,2009-08-11,1579.21
896,2009-08-12,1565.35
897,2009-08-13,1564.64
898,2009-08-14,1591.41
899,2009-08-17,1547.06
900,2009-08-18,1550.24
901,2009-08-19,1545.96
902,2009-08-20,1576.39
903,2009-08-21,1580.98
904,2009-08-24,1612.22
905,2009-08-25,1601.38
906,2009-08-26,1614.12
907,2009-08-27,1599.33
908,2009-08-28,1607.94
909,2009-08-31,1591.85
910,2009-09-01,1623.06
911,2009-09-02,1613.16
912,2009-09-03,1613.53
913,2009-09-04,1608.9
914,2009-09-07,1608.57
915,2009-09-08,1619.69
916,2009-09-09,1607.77
917,2009-09-10,1644.68
918,2009-09-11,1651.7
919,2009-09-14,1634.91
920,2009-09-15,1653.4
921,2009-09-16,1683.33
922,2009-09-17,1695.47
923,2009-09-18,1699.71
924,2009-09-21,1695.5
925,2009-09-22,1718.88
926,2009-09-23,1711.47
927,2009-09-24,1693.88
928,2009-09-25,1691.48
929,2009-09-28,1675.55
930,2009-09-29,1690.05
931,2009-09-30,1673.14
932,2009-10-01,1644.63
933,2009-10-05,1606.9
934,2009-10-06,1598.44
935,2009-10-07,1598
936,2009-10-08,1615.46
937,2009-10-09,1646.79
938,2009-10-12,1639.81
939,2009-10-13,1628.93
940,2009-10-14,1649.09
941,2009-10-15,1658.99
942,2009-10-16,1640.36
943,2009-10-19,1649.07
944,2009-10-20,1659.15
945,2009-10-21,1653.86
946,2009-10-22,1630.33
947,2009-10-23,1640.17
948,2009-10-26,1657.11
949,2009-10-27,1649.53
950,2009-10-28,1609.71
951,2009-10-29,1585.85
952,2009-10-30,1580.69
953,2009-11-02,1559.09
954,2009-11-03,1549.92
955,2009-11-04,1579.93
956,2009-11-05,1552.24
957,2009-11-06,1572.46
958,2009-11-09,1576.79
959,2009-11-10,1582.3
960,2009-11-11,1594.82
961,2009-11-12,1572.73
962,2009-11-13,1571.99
963,2009-11-16,1592.47
964,2009-11-17,1585.98
965,2009-11-18,1603.97
966,2009-11-19,1620.54
967,2009-11-20,1620.6
968,2009-11-23,1619.05
969,2009-11-24,1606.42
970,2009-11-25,1611.88
971,2009-11-26,1599.52
972,2009-11-27,1524.5
973,2009-11-30,1555.6
974,2009-12-01,1569.72
975,2009-12-02,1591.63
976,2009-12-03,1615
977,2009-12-04,1624.76
978,2009-12-07,1632.65
979,2009-12-08,1627.78
980,2009-12-09,1634.17
981,2009-12-10,1652.73
982,2009-12-11,1656.9
983,2009-12-14,1664.77
984,2009-12-15,1665.85
985,2009-12-16,1664.24
986,2009-12-17,1647.84
987,2009-12-18,1647.04
988,2009-12-21,1644.23
989,2009-12-22,1655.54
990,2009-12-23,1661.35
991,2009-12-24,1682.34
992,2009-12-28,1685.59
993,2009-12-29,1672.48
994,2009-12-30,1682.77
995,2010-01-04,1696.14
996,2010-01-05,1690.62
997,2010-01-06,1705.32
998,2010-01-07,1683.45
999,2010-01-08,1695.26
1000,2010-01-11,1694.12
1001,2010-01-12,1698.64
1002,2010-01-13,1671.41
1003,2010-01-14,1685.77
1004,2010-01-15,1701.8
1005,2010-01-18,1711.78
1006,2010-01-19,1710.22
1007,2010-01-20,1714.38
1008,2010-01-21,1722.01
1009,2010-01-22,1684.35
1010,2010-01-25,1670.2
1011,2010-01-26,1637.34
1012,2010-01-27,1625.48
1013,2010-01-28,1642.43
1014,2010-01-29,1602.43
1015,2010-02-01,1606.44
1016,2010-02-02,1595.81
1017,2010-02-03,1615.02
1018,2010-02-04,1616.42
1019,2010-02-05,1567.12
1020,2010-02-08,1552.79
1021,2010-02-09,1570.49
1022,2010-02-10,1570.12
1023,2010-02-11,1597.81
1024,2010-02-12,1593.66
1025,2010-02-16,1601.05
1026,2010-02-17,1627.43
1027,2010-02-18,1621.19
1028,2010-02-19,1593.9
1029,2010-02-22,1627.1
1030,2010-02-23,1628.9
1031,2010-02-24,1612.83
1032,2010-02-25,1587.51
1033,2010-02-26,1594.58
1034,2010-03-02,1615.12
1035,2010-03-03,1622.44
1036,2010-03-04,1618.2
1037,2010-03-05,1634.57
1038,2010-03-08,1660.04
1039,2010-03-09,1660.83
1040,2010-03-10,1662.24
1041,2010-03-11,1656.62
1042,2010-03-12,1662.74
1043,2010-03-15,1649.5
1044,2010-03-16,1648.01
1045,2010-03-17,1682.86
1046,2010-03-18,1675.17
1047,2010-03-19,1686.11
1048,2010-03-22,1672.67
1049,2010-03-23,1681.82
1050,2010-03-24,1681.01
1051,2010-03-25,1688.39
1052,2010-03-26,1697.72
1053,2010-03-29,1691.99
1054,2010-03-30,1700.19
1055,2010-03-31,1692.85
1056,2010-04-01,1719.17
1057,2010-04-02,1723.49
1058,2010-04-05,1724.99
1059,2010-04-06,1726.09
1060,2010-04-07,1726.6
1061,2010-04-08,1733.78
1062,2010-04-09,1724.47
1063,2010-04-12,1710.3
1064,2010-04-13,1710.59
1065,2010-04-14,1735.33
1066,2010-04-15,1743.91
1067,2010-04-16,1734.49
1068,2010-04-19,1705.3
1069,2010-04-20,1718.03
1070,2010-04-21,1747.58
1071,2010-04-22,1739.52
1072,2010-04-23,1737.03
1073,2010-04-26,1752.2
1074,2010-04-27,1749.55
1075,2010-04-28,1733.91
1076,2010-04-29,1728.42
1077,2010-04-30,1741.56
1078,2010-05-03,1721.21
1079,2010-05-04,1718.75
1080,2010-05-06,1684.71
1081,2010-05-07,1647.5
1082,2010-05-10,1677.63
1083,2010-05-11,1670.24
1084,2010-05-12,1663.03
1085,2010-05-13,1694.58
1086,2010-05-14,1695.63
1087,2010-05-17,1651.51
1088,2010-05-18,1643.24
1089,2010-05-19,1630.08
1090,2010-05-20,1600.18
1091,2010-05-24,1604.93
1092,2010-05-25,1560.83
1093,2010-05-26,1582.12
1094,2010-05-27,1607.5
1095,2010-05-28,1622.78
1096,2010-05-31,1641.25
1097,2010-06-01,1630.4
1098,2010-06-03,1661.84
1099,2010-06-04,1664.13
1100,2010-06-07,1637.97
1101,2010-06-08,1651.48
1102,2010-06-09,1647.22
1103,2010-06-10,1651.7
1104,2010-06-11,1675.34
1105,2010-06-14,1690.6
1106,2010-06-15,1690.03
1107,2010-06-16,1705.33
1108,2010-06-17,1707.92
1109,2010-06-18,1711.95
1110,2010-06-21,1739.68
1111,2010-06-22,1731.48
1112,2010-06-23,1725.82
1113,2010-06-24,1739.87
1114,2010-06-25,1729.84
1115,2010-06-28,1732.03
1116,2010-06-29,1707.76
1117,2010-06-30,1698.29
1118,2010-07-01,1686.24
1119,2010-07-02,1671.82
1120,2010-07-05,1675.37
1121,2010-07-06,1684.94
1122,2010-07-07,1675.65
1123,2010-07-08,1698.64
1124,2010-07-09,1723.01
1125,2010-07-12,1734.05
1126,2010-07-13,1735.08
1127,2010-07-14,1758.01
1128,2010-07-15,1751.29
1129,2010-07-16,1738.45
1130,2010-07-19,1731.95
1131,2010-07-20,1736.77
1132,2010-07-21,1748.78
1133,2010-07-22,1735.53
1134,2010-07-23,1758.06
1135,2010-07-26,1769.07
1136,2010-07-27,1768.31
1137,2010-07-28,1773.47
1138,2010-07-29,1770.88
1139,2010-07-30,1759.33
1140,2010-08-02,1782.27
1141,2010-08-03,1790.6
1142,2010-08-04,1789.26
1143,2010-08-05,1783.86
1144,2010-08-06,1783.83
1145,2010-08-09,1790.17
1146,2010-08-10,1781.13
1147,2010-08-11,1758.19
1148,2010-08-12,1721.75
1149,2010-08-13,1746.24
1150,2010-08-16,1743.31
1151,2010-08-17,1755.03
1152,2010-08-18,1761.99
1153,2010-08-19,1779.64
1154,2010-08-20,1775.54
1155,2010-08-23,1767.71
1156,2010-08-24,1760.53
1157,2010-08-25,1734.79
1158,2010-08-26,1729.76
1159,2010-08-27,1729.56
1160,2010-08-30,1760.13
1161,2010-08-31,1742.75
1162,2010-09-01,1764.69
1163,2010-09-02,1775.73
1164,2010-09-03,1780.02
1165,2010-09-06,1792.42
1166,2010-09-07,1787.74
1167,2010-09-08,1779.22
1168,2010-09-09,1784.36
1169,2010-09-10,1802.58
1170,2010-09-13,1818.86
1171,2010-09-14,1815.25
1172,2010-09-15,1823.88
1173,2010-09-16,1811.85
1174,2010-09-17,1827.35
1175,2010-09-20,1832.63
1176,2010-09-24,1846.6
1177,2010-09-27,1860.83
1178,2010-09-28,1855.97
1179,2010-09-29,1866.45
1180,2010-09-30,1872.81
1181,2010-10-01,1876.73
1182,2010-10-04,1879.29
1183,2010-10-05,1878.94
1184,2010-10-06,1903.95
1185,2010-10-07,1900.85
1186,2010-10-08,1897.07
1187,2010-10-11,1889.91
1188,2010-10-12,1868.04
1189,2010-10-13,1876.15
1190,2010-10-14,1899.76
1191,2010-10-15,1902.29
1192,2010-10-18,1875.42
1193,2010-10-19,1857.32
1194,2010-10-20,1870.44
1195,2010-10-21,1874.69
1196,2010-10-22,1897.31
1197,2010-10-25,1915.71
1198,2010-10-26,1919.41
1199,2010-10-27,1909.54
1200,2010-10-28,1907.87
1201,2010-10-29,1882.95
1202,2010-11-01,1914.74
1203,2010-11-02,1918.04
1204,2010-11-03,1935.97
1205,2010-11-04,1942.5
1206,2010-11-05,1938.96
1207,2010-11-08,1942.41
1208,2010-11-09,1947.46
1209,2010-11-10,1967.85
1210,2010-11-11,1914.73
1211,2010-11-12,1913.12
1212,2010-11-15,1913.81
1213,2010-11-16,1899.13
1214,2010-11-17,1897.11
1215,2010-11-18,1927.86
1216,2010-11-19,1940.96
1217,2010-11-22,1944.34
1218,2010-11-23,1928.94
1219,2010-11-24,1925.98
1220,2010-11-25,1927.68
1221,2010-11-26,1901.8
1222,2010-11-29,1895.54
1223,2010-11-30,1904.63
1224,2010-12-01,1929.32
1225,2010-12-02,1950.26
1226,2010-12-03,1957.26
1227,2010-12-06,1953.64
1228,2010-12-07,1962.52
1229,2010-12-08,1955.72
1230,2010-12-09,1988.96
1231,2010-12-10,1986.14
1232,2010-12-13,1996.59
1233,2010-12-14,2009.05
1234,2010-12-15,2017.48
1235,2010-12-16,2009.24
1236,2010-12-17,2026.3
1237,2010-12-20,2020.28
1238,2010-12-21,2037.09
1239,2010-12-22,2038.11
1240,2010-12-23,2037.53
1241,2010-12-24,2029.6
1242,2010-12-27,2022.19
1243,2010-12-28,2033.32
1244,2010-12-29,2043.49
1245,2010-12-30,2051
1246,2011-01-03,2070.08
1247,2011-01-04,2085.14
1248,2011-01-05,2082.55
1249,2011-01-06,2077.61
1250,2011-01-07,2086.2
1251,2011-01-10,2080.81
1252,2011-01-11,2088.32
1253,2011-01-12,2094.95
1254,2011-01-13,2089.48
1255,2011-01-14,2108.17
1256,2011-01-17,2099.85
1257,2011-01-18,2096.48
1258,2011-01-19,2115.69
1259,2011-01-20,2106.66
1260,2011-01-21,2069.92
1261,2011-01-24,2082.16
1262,2011-01-25,2086.67
1263,2011-01-26,2110.46
1264,2011-01-27,2115.01
1265,2011-01-28,2107.87
1266,2011-01-31,2069.73
1267,2011-02-01,2072.03
1268,2011-02-07,2081.74
1269,2011-02-08,2069.7
1270,2011-02-09,2045.58
1271,2011-02-10,2008.5
1272,2011-02-11,1977.19
1273,2011-02-14,2014.59
1274,2011-02-15,2010.52
1275,2011-02-16,1989.11
1276,2011-02-17,1977.22
1277,2011-02-18,2013.14
1278,2011-02-21,2005.3
1279,2011-02-22,1969.92
1280,2011-02-23,1961.63
1281,2011-02-24,1949.88
1282,2011-02-25,1963.43
1283,2011-02-28,1939.3
1284,2011-03-02,1928.24
1285,2011-03-03,1970.66
1286,2011-03-04,2004.68
1287,2011-03-07,1980.27
1288,2011-03-08,1996.32
1289,2011-03-09,2001.47
1290,2011-03-10,1981.58
1291,2011-03-11,1955.54
1292,2011-03-14,1971.23
1293,2011-03-15,1923.92
1294,2011-03-16,1957.97
1295,2011-03-17,1959.03
1296,2011-03-18,1981.13
1297,2011-03-21,2003.42
1298,2011-03-22,2013.66
1299,2011-03-23,2012.18
1300,2011-03-24,2036.78
1301,2011-03-25,2054.04
1302,2011-03-28,2056.39
1303,2011-03-29,2072.13
1304,2011-03-30,2091.38
1305,2011-03-31,2106.7
1306,2011-04-01,2121.01
1307,2011-04-04,2115.87
1308,2011-04-05,2130.43
1309,2011-04-06,2126.71
1310,2011-04-07,2122.14
1311,2011-04-08,2127.97
1312,2011-04-11,2122.39
1313,2011-04-12,2089.4
1314,2011-04-13,2121.92
1315,2011-04-14,2141.06
1316,2011-04-15,2140.5
1317,2011-04-18,2137.72
1318,2011-04-19,2122.68
1319,2011-04-20,2169.91
1320,2011-04-21,2198.54
1321,2011-04-22,2197.82
1322,2011-04-25,2216
1323,2011-04-26,2206.3
1324,2011-04-27,2206.7
1325,2011-04-28,2208.35
1326,2011-04-29,2192.36
1327,2011-05-02,2228.96
1328,2011-05-03,2200.73
1329,2011-05-04,2180.64
1330,2011-05-06,2147.45
1331,2011-05-09,2139.17
1332,2011-05-11,2166.63
1333,2011-05-12,2122.65
1334,2011-05-13,2120.08
1335,2011-05-16,2104.18
1336,2011-05-17,2102.41
1337,2011-05-18,2135.78
1338,2011-05-19,2095.51
1339,2011-05-20,2111.5
1340,2011-05-23,2055.71
1341,2011-05-24,2061.76
1342,2011-05-25,2035.87
1343,2011-05-26,2091.91
1344,2011-05-27,2100.24
1345,2011-05-30,2093.79
1346,2011-05-31,2142.47
1347,2011-06-01,2141.34
1348,2011-06-02,2114.2
1349,2011-06-03,2113.47
1350,2011-06-07,2099.71
1351,2011-06-08,2083.35
1352,2011-06-09,2071.42
1353,2011-06-10,2046.67
1354,2011-06-13,2048.74
1355,2011-06-14,2076.83
1356,2011-06-15,2086.53
1357,2011-06-16,2046.63
1358,2011-06-17,2031.93
1359,2011-06-20,2019.65
1360,2011-06-21,2048.17
1361,2011-06-22,2063.9
1362,2011-06-23,2055.86
1363,2011-06-24,2090.81
1364,2011-06-27,2070.29
1365,2011-06-28,2062.91
1366,2011-06-29,2094.42
1367,2011-06-30,2100.69
1368,2011-07-01,2125.74
1369,2011-07-04,2145.3
1370,2011-07-05,2161.75
1371,2011-07-06,2171.19
1372,2011-07-07,2180.59
1373,2011-07-08,2180.35
1374,2011-07-11,2157.16
1375,2011-07-12,2109.73
1376,2011-07-13,2129.64
1377,2011-07-14,2130.07
1378,2011-07-15,2145.2
1379,2011-07-18,2130.48
1380,2011-07-19,2130.21
1381,2011-07-20,2154.95
1382,2011-07-21,2145.04
1383,2011-07-22,2171.23
1384,2011-07-25,2150.48
1385,2011-07-26,2168.7
1386,2011-07-27,2174.31
1387,2011-07-28,2155.85
1388,2011-07-29,2133.21
1389,2011-08-01,2172.31
1390,2011-08-02,2121.27
1391,2011-08-03,2066.26
1392,2011-08-04,2018.47
1393,2011-08-05,1943.75
1394,2011-08-08,1869.45
1395,2011-08-09,1801.35
1396,2011-08-10,1806.24
1397,2011-08-11,1817.44
1398,2011-08-12,1793.31
1399,2011-08-16,1879.87
1400,2011-08-17,1892.67
1401,2011-08-18,1860.58
1402,2011-08-19,1744.88
1403,2011-08-22,1710.7
1404,2011-08-23,1776.68
1405,2011-08-24,1754.78
1406,2011-08-25,1764.58
1407,2011-08-26,1778.95
1408,2011-08-29,1829.5
1409,2011-08-30,1843.82
1410,2011-08-31,1880.11
1411,2011-09-01,1880.7
1412,2011-09-02,1867.75
1413,2011-09-05,1785.83
1414,2011-09-06,1766.71
1415,2011-09-07,1833.46
1416,2011-09-08,1846.64
1417,2011-09-09,1812.93
1418,2011-09-14,1749.16
1419,2011-09-15,1774.08
1420,2011-09-16,1840.1
1421,2011-09-19,1820.94
1422,2011-09-20,1837.97
1423,2011-09-21,1854.28
1424,2011-09-22,1800.55
1425,2011-09-23,1697.44
1426,2011-09-26,1652.71
1427,2011-09-27,1735.71
1428,2011-09-28,1723.09
1429,2011-09-29,1769.29
1430,2011-09-30,1769.65
1431,2011-10-04,1706.19
1432,2011-10-05,1666.52
1433,2011-10-06,1710.32
1434,2011-10-07,1759.77
1435,2011-10-10,1766.44
1436,2011-10-11,1795.02
1437,2011-10-12,1809.5
1438,2011-10-13,1823.1
1439,2011-10-14,1835.4
1440,2011-10-17,1865.18
1441,2011-10-18,1838.9
1442,2011-10-19,1855.92
1443,2011-10-20,1805.09
1444,2011-10-21,1838.38
1445,2011-10-24,1898.32
1446,2011-10-25,1888.65
1447,2011-10-26,1894.31
1448,2011-10-27,1922.04
1449,2011-10-28,1929.48
1450,2011-10-31,1909.03
1451,2011-11-01,1909.63
1452,2011-11-02,1898.01
1453,2011-11-03,1869.96
1454,2011-11-04,1928.41
1455,2011-11-07,1919.1
1456,2011-11-08,1903.14
1457,2011-11-09,1907.53
1458,2011-11-10,1813.25
1459,2011-11-11,1863.45
1460,2011-11-14,1902.81
1461,2011-11-15,1886.12
1462,2011-11-16,1856.07
1463,2011-11-17,1876.67
1464,2011-11-18,1839.17
1465,2011-11-21,1820.03
1466,2011-11-22,1826.28
1467,2011-11-23,1783.1
1468,2011-11-24,1795.06
1469,2011-11-25,1776.4
1470,2011-11-28,1815.28
1471,2011-11-29,1856.52
1472,2011-11-30,1847.51
1473,2011-12-01,1916.18
1474,2011-12-02,1916.04
1475,2011-12-05,1922.9
1476,2011-12-06,1902.82
1477,2011-12-07,1919.42
1478,2011-12-08,1912.39
1479,2011-12-09,1874.75
1480,2011-12-12,1899.76
1481,2011-12-13,1864.06
1482,2011-12-14,1857.75
1483,2011-12-15,1819.11
1484,2011-12-16,1839.96
1485,2011-12-19,1776.93
1486,2011-12-20,1793.06
1487,2011-12-21,1848.41
1488,2011-12-22,1847.49
1489,2011-12-23,1867.22
1490,2011-12-26,1856.7
1491,2011-12-27,1842.02
1492,2011-12-28,1825.12
1493,2011-12-29,1825.74
1494,2012-01-02,1826.37
1495,2012-01-03,1875.41
1496,2012-01-04,1866.22
1497,2012-01-05,1863.74
1498,2012-01-06,1843.14
1499,2012-01-09,1826.49
1500,2012-01-10,1853.22
1501,2012-01-11,1845.55
1502,2012-01-12,1864.57
1503,2012-01-13,1875.68
1504,2012-01-16,1859.27
1505,2012-01-17,1892.74
1506,2012-01-18,1892.39
1507,2012-01-19,1914.97
1508,2012-01-20,1949.89
1509,2012-01-25,1952.23
1510,2012-01-26,1957.18
1511,2012-01-27,1964.83
1512,2012-01-30,1940.55
1513,2012-01-31,1955.79
1514,2012-02-01,1959.24
1515,2012-02-02,1984.3
1516,2012-02-03,1972.34
1517,2012-02-06,1973.13
1518,2012-02-07,1981.59
1519,2012-02-08,2003.73
1520,2012-02-09,2014.62
1521,2012-02-10,1993.71
1522,2012-02-13,2005.74
1523,2012-02-14,2002.64
1524,2012-02-15,2025.32
1525,2012-02-16,1997.45
1526,2012-02-17,2023.47
1527,2012-02-20,2024.9
1528,2012-02-21,2024.24
1529,2012-02-22,2028.65
1530,2012-02-23,2007.8
1531,2012-02-24,2019.89
1532,2012-02-27,1991.16
1533,2012-02-28,2003.69
1534,2012-02-29,2030.25
1535,2012-03-02,2034.63
1536,2012-03-05,2016.06
1537,2012-03-06,2000.36
1538,2012-03-07,1982.15
1539,2012-03-08,2000.76
1540,2012-03-09,2018.3
1541,2012-03-12,2002.5
1542,2012-03-13,2025.04
1543,2012-03-14,2045.08
1544,2012-03-15,2043.76
1545,2012-03-16,2034.44
1546,2012-03-19,2047
1547,2012-03-20,2042.15
1548,2012-03-21,2027.23
1549,2012-03-22,2026.12
1550,2012-03-23,2026.83
1551,2012-03-26,2019.19
1552,2012-03-27,2039.76
1553,2012-03-28,2031.74
1554,2012-03-29,2014.41
1555,2012-03-30,2014.04
1556,2012-04-02,2029.29
1557,2012-04-03,2049.28
1558,2012-04-04,2018.61
1559,2012-04-05,2028.77
1560,2012-04-06,2029.03
1561,2012-04-09,1997.08
1562,2012-04-10,1994.41
1563,2012-04-12,1986.63
1564,2012-04-13,2008.91
1565,2012-04-16,1992.63
1566,2012-04-17,1985.3
1567,2012-04-18,2004.53
1568,2012-04-19,1999.86
1569,2012-04-20,1974.65
1570,2012-04-23,1972.63
1571,2012-04-24,1963.42
1572,2012-04-25,1961.98
1573,2012-04-26,1964.04
1574,2012-04-27,1975.35
1575,2012-04-30,1981.99
1576,2012-05-02,1999.07
1577,2012-05-03,1995.11
1578,2012-05-04,1989.15
1579,2012-05-07,1956.44
1580,2012-05-08,1967.01
1581,2012-05-09,1950.29
1582,2012-05-10,1944.93
1583,2012-05-11,1917.13
1584,2012-05-14,1913.73
1585,2012-05-15,1898.96
1586,2012-05-16,1840.53
1587,2012-05-17,1845.24
1588,2012-05-18,1782.46
1589,2012-05-21,1799.13
1590,2012-05-22,1828.69
1591,2012-05-23,1808.62
1592,2012-05-24,1814.47
1593,2012-05-25,1824.17
1594,2012-05-29,1849.91
1595,2012-05-30,1844.86
1596,2012-05-31,1843.47
1597,2012-06-01,1834.51
1598,2012-06-04,1783.13
1599,2012-06-05,1801.85
1600,2012-06-07,1847.95
1601,2012-06-08,1835.64
1602,2012-06-11,1867.04
1603,2012-06-12,1854.74
1604,2012-06-13,1859.32
1605,2012-06-14,1871.48
1606,2012-06-15,1858.16
1607,2012-06-18,1891.71
1608,2012-06-19,1891.77
1609,2012-06-20,1904.12
1610,2012-06-21,1889.15
1611,2012-06-22,1847.39
1612,2012-06-25,1825.38
1613,2012-06-26,1817.81
1614,2012-06-27,1817.65
1615,2012-06-28,1819.18
1616,2012-06-29,1854.01
1617,2012-07-02,1851.65
1618,2012-07-03,1867.82
1619,2012-07-04,1874.45
1620,2012-07-05,1875.49
1621,2012-07-06,1858.2
1622,2012-07-09,1836.13
1623,2012-07-10,1829.45
1624,2012-07-11,1826.39
1625,2012-07-12,1785.39
1626,2012-07-13,1812.89
1627,2012-07-16,1817.79
1628,2012-07-17,1821.96
1629,2012-07-18,1794.91
1630,2012-07-19,1822.96
1631,2012-07-20,1822.93
1632,2012-07-23,1789.44
1633,2012-07-24,1793.93
1634,2012-07-25,1769.31
1635,2012-07-26,1782.47
1636,2012-07-27,1829.16
1637,2012-07-30,1843.79
1638,2012-07-31,1881.99
1639,2012-08-01,1879.93
1640,2012-08-02,1869.4
1641,2012-08-03,1848.68
1642,2012-08-06,1885.88
1643,2012-08-07,1886.8
1644,2012-08-08,1903.23
1645,2012-08-09,1940.59
1646,2012-08-10,1946.4
1647,2012-08-13,1932.44
1648,2012-08-14,1956.96
1649,2012-08-16,1957.91
1650,2012-08-17,1946.54
1651,2012-08-20,1946.31
1652,2012-08-21,1943.22
1653,2012-08-22,1935.19
1654,2012-08-23,1942.54
1655,2012-08-24,1919.81
1656,2012-08-27,1917.87
1657,2012-08-28,1916.33
1658,2012-08-29,1928.54
1659,2012-08-30,1906.38
1660,2012-08-31,1905.12
1661,2012-09-03,1912.71
1662,2012-09-04,1907.13
1663,2012-09-05,1874.03
1664,2012-09-06,1881.24
1665,2012-09-07,1929.58
1666,2012-09-10,1924.7
1667,2012-09-11,1920
1668,2012-09-12,1950.03
1669,2012-09-13,1950.69
1670,2012-09-14,2007.58
1671,2012-09-17,2002.35
1672,2012-09-18,2004.96
1673,2012-09-19,2007.88
1674,2012-09-20,1990.33
1675,2012-09-21,2002.37
1676,2012-09-24,2003.44
1677,2012-09-25,1991.41
1678,2012-09-26,1980.44
1679,2012-09-27,1988.7
1680,2012-09-28,1996.21
1681,2012-10-02,1996.03
1682,2012-10-04,1992.68
1683,2012-10-05,1995.17
1684,2012-10-08,1981.89
1685,2012-10-09,1979.04
1686,2012-10-10,1948.22
1687,2012-10-11,1933.09
1688,2012-10-12,1933.26
1689,2012-10-15,1925.59
1690,2012-10-16,1941.54
1691,2012-10-17,1955.15
1692,2012-10-18,1959.12
1693,2012-10-19,1943.84
1694,2012-10-22,1941.59
1695,2012-10-23,1926.81
1696,2012-10-24,1913.96
1697,2012-10-25,1924.5
1698,2012-10-26,1891.43
1699,2012-10-29,1891.52
1700,2012-10-30,1899.58
1701,2012-10-31,1912.06
1702,2012-11-01,1898.44
1703,2012-11-02,1918.72
1704,2012-11-05,1908.22
1705,2012-11-06,1928.17
1706,2012-11-07,1937.55
1707,2012-11-08,1914.41
1708,2012-11-09,1904.41
1709,2012-11-12,1900.87
1710,2012-11-13,1889.7
1711,2012-11-14,1894.04
1712,2012-11-15,1870.72
1713,2012-11-16,1860.83
1714,2012-11-19,1878.1
1715,2012-11-20,1890.18
1716,2012-11-21,1884.04
1717,2012-11-22,1899.5
1718,2012-11-23,1911.33
1719,2012-11-26,1908.51
1720,2012-11-27,1925.2
1721,2012-11-28,1912.78
1722,2012-11-29,1934.85
1723,2012-11-30,1932.9
1724,2012-12-03,1940.02
1725,2012-12-04,1935.18
1726,2012-12-05,1947.04
1727,2012-12-06,1949.62
1728,2012-12-07,1957.45
1729,2012-12-10,1957.42
1730,2012-12-11,1964.62
1731,2012-12-12,1975.44
1732,2012-12-13,2002.77
1733,2012-12-14,1995.04
1734,2012-12-17,1983.07
1735,2012-12-18,1993.09
1736,2012-12-20,1999.5
1737,2012-12-21,1980.42
1738,2012-12-24,1981.82
1739,2012-12-26,1982.25
1740,2012-12-27,1987.35
1741,2012-12-28,1997.05
1742,2013-01-02,2031.1
1743,2013-01-03,2019.41
1744,2013-01-04,2011.94
1745,2013-01-07,2011.25
1746,2013-01-08,1997.94
1747,2013-01-09,1991.81
1748,2013-01-10,2006.8
1749,2013-01-11,1996.67
1750,2013-01-14,2007.04
1751,2013-01-15,1983.74
1752,2013-01-16,1977.45
1753,2013-01-17,1974.27
1754,2013-01-18,1987.85
1755,2013-01-21,1986.86
1756,2013-01-22,1996.52
1757,2013-01-23,1980.41
1758,2013-01-24,1964.48
1759,2013-01-25,1946.69
1760,2013-01-28,1939.71
1761,2013-01-29,1955.96
1762,2013-01-30,1964.43
1763,2013-01-31,1961.94
1764,2013-02-01,1957.79
1765,2013-02-04,1953.21
1766,2013-02-05,1938.18
1767,2013-02-06,1936.19
1768,2013-02-07,1931.77
1769,2013-02-08,1950.9
1770,2013-02-12,1945.79
1771,2013-02-13,1976.07
1772,2013-02-14,1979.61
1773,2013-02-15,1981.18
1774,2013-02-18,1981.91
1775,2013-02-19,1985.83
1776,2013-02-20,2024.64
1777,2013-02-21,2015.22
1778,2013-02-22,2018.89
1779,2013-02-25,2009.52
1780,2013-02-26,2000.01
1781,2013-02-27,2004.04
1782,2013-02-28,2026.49
1783,2013-03-04,2013.15
1784,2013-03-05,2016.61
1785,2013-03-06,2020.74
1786,2013-03-07,2004.4
1787,2013-03-08,2006.01
1788,2013-03-11,2003.35
1789,2013-03-12,1993.34
1790,2013-03-13,1999.73
1791,2013-03-14,2002.13
1792,2013-03-15,1986.5
1793,2013-03-18,1968.18
1794,2013-03-19,1978.56
1795,2013-03-20,1959.41
1796,2013-03-21,1950.82
1797,2013-03-22,1948.71
1798,2013-03-25,1977.67
1799,2013-03-26,1983.7
1800,2013-03-27,1993.44
1801,2013-03-28,1993.52
1802,2013-03-29,2004.89
1803,2013-04-01,1995.99
1804,2013-04-02,1986.15
1805,2013-04-03,1983.22
1806,2013-04-04,1959.45
1807,2013-04-05,1927.23
1808,2013-04-08,1918.69
1809,2013-04-09,1920.74
1810,2013-04-10,1935.58
1811,2013-04-11,1949.8
1812,2013-04-12,1924.23
1813,2013-04-15,1920.45
1814,2013-04-16,1922.21
1815,2013-04-17,1923.84
1816,2013-04-18,1900.06
1817,2013-04-19,1906.75
1818,2013-04-22,1926.31
1819,2013-04-23,1918.63
1820,2013-04-24,1935.31
1821,2013-04-25,1951.6
1822,2013-04-26,1944.56
1823,2013-04-29,1940.7
1824,2013-04-30,1963.95
1825,2013-05-02,1957.21
1826,2013-05-03,1965.71
1827,2013-05-06,1961.48
1828,2013-05-07,1954.35
1829,2013-05-08,1956.45
1830,2013-05-09,1979.45
1831,2013-05-10,1944.75
1832,2013-05-13,1948.7
1833,2013-05-14,1968.83
1834,2013-05-15,1971.26
1835,2013-05-16,1986.81
1836,2013-05-20,1982.43
1837,2013-05-21,1981.09
1838,2013-05-22,1993.83
1839,2013-05-23,1969.19
1840,2013-05-24,1973.45
1841,2013-05-27,1979.97
1842,2013-05-28,1986.22
1843,2013-05-29,2001.2
1844,2013-05-30,2000.1
1845,2013-05-31,2001.05
1846,2013-06-03,1989.57
1847,2013-06-04,1989.51
1848,2013-06-05,1959.19
1849,2013-06-07,1923.85
1850,2013-06-10,1932.7
1851,2013-06-11,1920.68
1852,2013-06-12,1909.91
1853,2013-06-13,1882.73
1854,2013-06-14,1889.24
1855,2013-06-17,1883.1
1856,2013-06-18,1900.62
1857,2013-06-19,1888.31
1858,2013-06-20,1850.49
1859,2013-06-21,1822.83
1860,2013-06-24,1799.01
1861,2013-06-25,1780.63
1862,2013-06-26,1783.45
1863,2013-06-27,1834.7
1864,2013-06-28,1863.32
1865,2013-07-01,1855.73
1866,2013-07-02,1855.02
1867,2013-07-03,1824.66
1868,2013-07-04,1839.14
1869,2013-07-05,1833.31
1870,2013-07-08,1816.85
1871,2013-07-09,1830.35
1872,2013-07-10,1824.16
1873,2013-07-11,1877.6
1874,2013-07-12,1869.98
1875,2013-07-15,1875.16
1876,2013-07-16,1866.36
1877,2013-07-17,1887.49
1878,2013-07-18,1875.48
1879,2013-07-19,1871.41
1880,2013-07-22,1880.35
1881,2013-07-23,1904.15
1882,2013-07-24,1912.08
1883,2013-07-25,1909.61
1884,2013-07-26,1910.81
1885,2013-07-29,1899.89
1886,2013-07-30,1917.05
1887,2013-07-31,1914.03
1888,2013-08-01,1920.74
1889,2013-08-02,1923.38
1890,2013-08-05,1916.22
1891,2013-08-06,1906.62
1892,2013-08-07,1878.33
1893,2013-08-08,1883.97
1894,2013-08-09,1880.71
1895,2013-08-12,1884.83
1896,2013-08-13,1913.03
1897,2013-08-14,1923.91
1898,2013-08-16,1920.11
1899,2013-08-19,1917.64
1900,2013-08-20,1887.85
1901,2013-08-21,1867.46
1902,2013-08-22,1849.12
1903,2013-08-23,1870.16
1904,2013-08-26,1887.86
1905,2013-08-27,1885.84
1906,2013-08-28,1884.52
1907,2013-08-29,1907.54
1908,2013-08-30,1926.36
1909,2013-09-02,1924.81
1910,2013-09-03,1933.74
1911,2013-09-04,1933.03
1912,2013-09-05,1951.65
1913,2013-09-06,1955.31
1914,2013-09-09,1974.67
1915,2013-09-10,1994.06
1916,2013-09-11,2003.85
1917,2013-09-12,2004.06
1918,2013-09-13,1994.32
1919,2013-09-16,2013.37
1920,2013-09-17,2005.58
1921,2013-09-23,2009.41
1922,2013-09-24,2007.1
1923,2013-09-25,1998.06
1924,2013-09-26,2007.32
1925,2013-09-27,2011.8
1926,2013-09-30,1996.96
1927,2013-10-01,1998.87
1928,2013-10-02,1999.47
1929,2013-10-04,1996.98
1930,2013-10-07,1994.42
1931,2013-10-08,2002.76
1932,2013-10-10,2001.4
1933,2013-10-11,2024.9
1934,2013-10-14,2020.27
1935,2013-10-15,2040.96
1936,2013-10-16,2034.61
1937,2013-10-17,2040.61
1938,2013-10-18,2052.4
1939,2013-10-21,2053.01
1940,2013-10-22,2056.12
1941,2013-10-23,2035.75
1942,2013-10-24,2046.69
1943,2013-10-25,2034.39
1944,2013-10-28,2048.14
1945,2013-10-29,2051.76
1946,2013-10-30,2059.58
1947,2013-10-31,2030.09
1948,2013-11-01,2039.42
1949,2013-11-04,2025.17
1950,2013-11-05,2013.93
1951,2013-11-06,2013.67
1952,2013-11-07,2004.04
1953,2013-11-08,1984.87
1954,2013-11-11,1977.3
1955,2013-11-12,1995.48
1956,2013-11-13,1963.56
1957,2013-11-14,1967.56
1958,2013-11-15,2005.64
1959,2013-11-18,2010.81
1960,2013-11-19,2031.64
1961,2013-11-20,2017.24
1962,2013-11-21,1993.78
1963,2013-11-22,2006.23
1964,2013-11-25,2015.98
1965,2013-11-26,2022.64
1966,2013-11-27,2028.81
1967,2013-11-28,2045.77
1968,2013-11-29,2044.87
1969,2013-12-02,2030.78
1970,2013-12-03,2009.36
1971,2013-12-04,1986.8
1972,2013-12-05,1984.77
1973,2013-12-06,1980.41
1974,2013-12-09,2000.38
1975,2013-12-10,1993.45
1976,2013-12-11,1977.97
1977,2013-12-12,1967.93
1978,2013-12-13,1962.91
1979,2013-12-16,1961.15
1980,2013-12-17,1965.74
1981,2013-12-18,1974.63
1982,2013-12-19,1975.65
1983,2013-12-20,1983.35
1984,2013-12-23,1996.89
1985,2013-12-24,2001.59
1986,2013-12-26,1999.3
1987,2013-12-27,2002.28
1988,2013-12-30,2011.34
1989,2014-01-02,1967.19
1990,2014-01-03,1946.14
1991,2014-01-06,1953.28
1992,2014-01-07,1959.44
1993,2014-01-08,1958.96
1994,2014-01-09,1946.11
1995,2014-01-10,1938.54
1996,2014-01-13,1948.92
1997,2014-01-14,1946.07
1998,2014-01-15,1953.28
1999,2014-01-16,1957.32
2000,2014-01-17,1944.48
2001,2014-01-20,1953.78
2002,2014-01-21,1963.89
2003,2014-01-22,1970.42
2004,2014-01-23,1947.59
2005,2014-01-24,1940.56
2006,2014-01-27,1910.34
2007,2014-01-28,1916.93
2008,2014-01-29,1941.15
2009,2014-02-03,1919.96
2010,2014-02-04,1886.85
2011,2014-02-05,1891.32
2012,2014-02-06,1907.89
2013,2014-02-07,1922.5
2014,2014-02-10,1923.3
2015,2014-02-11,1932.06
2016,2014-02-12,1935.84
2017,2014-02-13,1926.96
2018,2014-02-14,1940.28
2019,2014-02-17,1946.36
2020,2014-02-18,1946.91
2021,2014-02-19,1942.93
2022,2014-02-20,1930.57
2023,2014-02-21,1957.83
2024,2014-02-24,1949.05
2025,2014-02-25,1964.86
2026,2014-02-26,1970.77
2027,2014-02-27,1978.43
2028,2014-02-28,1979.99
2029,2014-03-03,1964.69
2030,2014-03-04,1954.11
2031,2014-03-05,1971.24
2032,2014-03-06,1975.62
2033,2014-03-07,1974.68
2034,2014-03-10,1954.42
2035,2014-03-11,1963.87
2036,2014-03-12,1932.54
2037,2014-03-13,1934.38
2038,2014-03-14,1919.9
2039,2014-03-17,1927.53
2040,2014-03-18,1940.21
2041,2014-03-19,1937.68
2042,2014-03-20,1919.52
2043,2014-03-21,1934.94
2044,2014-03-24,1945.55
2045,2014-03-25,1941.25
2046,2014-03-26,1964.31
2047,2014-03-27,1977.97
2048,2014-03-28,1981
2049,2014-03-31,1985.61
2050,2014-04-01,1991.98
2051,2014-04-02,1997.25
2052,2014-04-03,1993.7
2053,2014-04-04,1988.09
2054,2014-04-07,1989.7
2055,2014-04-08,1993.03
2056,2014-04-09,1998.95
2057,2014-04-10,2008.61
2058,2014-04-11,1997.44
2059,2014-04-14,1997.02
2060,2014-04-15,1992.27
2061,2014-04-16,1992.21
2062,2014-04-17,1992.05
2063,2014-04-18,2004.28
2064,2014-04-21,1999.22
2065,2014-04-22,2004.22
2066,2014-04-23,2000.37
2067,2014-04-24,1998.34
2068,2014-04-25,1971.66
2069,2014-04-28,1969.26
2070,2014-04-29,1964.77
2071,2014-04-30,1961.79
2072,2014-05-02,1959.44
2073,2014-05-07,1939.88
2074,2014-05-08,1950.6
2075,2014-05-09,1956.55
2076,2014-05-12,1964.94
2077,2014-05-13,1982.93
2078,2014-05-14,2010.83
2079,2014-05-15,2010.2
2080,2014-05-16,2013.44
2081,2014-05-19,2015.14
2082,2014-05-20,2011.26
2083,2014-05-21,2008.33
2084,2014-05-22,2015.59
2085,2014-05-23,2017.17
2086,2014-05-26,2010.35
2087,2014-05-27,1997.63
2088,2014-05-28,2017.06
2089,2014-05-29,2012.26
2090,2014-05-30,1994.96
2091,2014-06-02,2002
2092,2014-06-03,2008.56
2093,2014-06-05,1995.48
2094,2014-06-09,1990.04
2095,2014-06-10,2011.8
2096,2014-06-11,2014.67
2097,2014-06-12,2011.65
2098,2014-06-13,1990.85
2099,2014-06-16,1993.59
2100,2014-06-17,2001.55
2101,2014-06-18,1989.49
2102,2014-06-19,1992.03
2103,2014-06-20,1968.07
2104,2014-06-23,1974.92
2105,2014-06-24,1994.35
2106,2014-06-25,1981.77
2107,2014-06-26,1995.05
2108,2014-06-27,1988.51
2109,2014-06-30,2002.21
2110,2014-07-01,1999
2111,2014-07-02,2015.28
2112,2014-07-03,2010.97
2113,2014-07-04,2009.66
2114,2014-07-07,2005.12
2115,2014-07-08,2006.66
2116,2014-07-09,2000.5
2117,2014-07-10,2002.84
2118,2014-07-11,1988.74
2119,2014-07-14,1993.88
2120,2014-07-15,2012.72
2121,2014-07-16,2013.48
2122,2014-07-17,2020.9
2123,2014-07-18,2019.42
2124,2014-07-21,2018.5
2125,2014-07-22,2028.93
2126,2014-07-23,2028.32
2127,2014-07-24,2026.62
2128,2014-07-25,2033.85
2129,2014-07-28,2048.81
2130,2014-07-29,2061.97
2131,2014-07-30,2082.61
2132,2014-07-31,2076.12
2133,2014-08-01,2073.1
2134,2014-08-04,2080.42
2135,2014-08-05,2066.26
2136,2014-08-06,2060.73
2137,2014-08-07,2054.51
2138,2014-08-08,2031.1
2139,2014-08-11,2039.37
2140,2014-08-12,2041.47
2141,2014-08-13,2062.36
2142,2014-08-14,2063.22
2143,2014-08-18,2053.13
2144,2014-08-19,2071.14
2145,2014-08-20,2072.78
2146,2014-08-21,2044.21
2147,2014-08-22,2056.7
2148,2014-08-25,2060.89
2149,2014-08-26,2068.05
2150,2014-08-27,2074.93
2151,2014-08-28,2075.76
2152,2014-08-29,2068.54
2153,2014-09-01,2067.86
2154,2014-09-02,2051.58
2155,2014-09-03,2051.2
2156,2014-09-04,2056.26
2157,2014-09-05,2049.41
2158,2014-09-11,2034.16
2159,2014-09-12,2041.86
2160,2014-09-15,2035.82
2161,2014-09-16,2042.92
2162,2014-09-17,2062.61
2163,2014-09-18,2047.74
2164,2014-09-19,2053.82
2165,2014-09-22,2039.27
2166,2014-09-23,2028.91
2167,2014-09-24,2035.64
2168,2014-09-25,2034.11
2169,2014-09-26,2031.64
2170,2014-09-29,2026.6
2171,2014-09-30,2020.09
2172,2014-10-01,1991.54
2173,2014-10-02,1976.16
2174,2014-10-06,1968.39
2175,2014-10-07,1972.91
2176,2014-10-08,1965.25
2177,2014-10-10,1940.92
2178,2014-10-13,1927.21
2179,2014-10-14,1929.25
2180,2014-10-15,1925.91
2181,2014-10-16,1918.83
2182,2014-10-17,1900.66
2183,2014-10-20,1930.06
2184,2014-10-21,1915.28
2185,2014-10-22,1936.97
2186,2014-10-23,1931.65
2187,2014-10-24,1925.69
2188,2014-10-27,1931.97
2189,2014-10-28,1925.68
2190,2014-10-29,1961.17
2191,2014-10-30,1958.93
2192,2014-10-31,1964.43
2193,2014-11-03,1952.97
2194,2014-11-04,1935.19
2195,2014-11-05,1931.43
2196,2014-11-06,1936.48
2197,2014-11-07,1939.87
2198,2014-11-10,1958.23
2199,2014-11-11,1963
2200,2014-11-12,1967.27
2201,2014-11-13,1960.51
2202,2014-11-14,1945.14
2203,2014-11-17,1943.63
2204,2014-11-18,1967.01
2205,2014-11-19,1966.87
2206,2014-11-20,1958.04
2207,2014-11-21,1964.84
2208,2014-11-24,1978.54
2209,2014-11-25,1980.21
2210,2014-11-26,1980.84
2211,2014-11-27,1982.09
2212,2014-11-28,1980.78
2213,2014-12-01,1965.22
2214,2014-12-02,1965.83
2215,2014-12-03,1969.91
2216,2014-12-04,1986.61
2217,2014-12-05,1986.62
2218,2014-12-08,1978.95
2219,2014-12-09,1970.95
2220,2014-12-10,1945.56
2221,2014-12-11,1916.59
2222,2014-12-12,1921.71
2223,2014-12-15,1920.36
2224,2014-12-16,1904.13
2225,2014-12-17,1900.16
2226,2014-12-18,1897.5
2227,2014-12-19,1929.98
2228,2014-12-22,1943.12
2229,2014-12-23,1939.02
2230,2014-12-24,1946.61
2231,2014-12-26,1948.16
2232,2014-12-29,1927.86
2233,2014-12-30,1915.59
2234,2015-01-02,1926.44
2235,2015-01-05,1915.75
2236,2015-01-06,1882.45
2237,2015-01-07,1883.83
2238,2015-01-08,1904.65
2239,2015-01-09,1924.7
2240,2015-01-12,1920.95
2241,2015-01-13,1917.14
2242,2015-01-14,1913.66
2243,2015-01-15,1914.14
2244,2015-01-16,1888.13
2245,2015-01-19,1902.62
2246,2015-01-20,1918.31
2247,2015-01-21,1921.23
2248,2015-01-22,1920.82
2249,2015-01-23,1936.09
2250,2015-01-26,1935.68
2251,2015-01-27,1952.4
2252,2015-01-28,1961.58
2253,2015-01-29,1951.02
2254,2015-01-30,1949.26
2255,2015-02-02,1952.68
2256,2015-02-03,1951.96
2257,2015-02-04,1962.79
2258,2015-02-05,1952.84
2259,2015-02-06,1955.52
2260,2015-02-09,1947
2261,2015-02-10,1935.86
2262,2015-02-11,1945.7
2263,2015-02-12,1941.63
2264,2015-02-13,1957.5
2265,2015-02-16,1958.23
2266,2015-02-17,1961.45
2267,2015-02-23,1968.39
2268,2015-02-24,1976.12
2269,2015-02-25,1990.47
2270,2015-02-26,1993.08
2271,2015-02-27,1985.8
2272,2015-03-02,1996.81
2273,2015-03-03,2001.38
2274,2015-03-04,1998.29
2275,2015-03-05,1998.38
2276,2015-03-06,2012.94
2277,2015-03-09,1992.82
2278,2015-03-10,1984.77
2279,2015-03-11,1980.83
2280,2015-03-12,1970.59
2281,2015-03-13,1985.79
2282,2015-03-16,1987.33
2283,2015-03-17,2029.91
2284,2015-03-18,2028.45
2285,2015-03-19,2037.89
2286,2015-03-20,2037.24
2287,2015-03-23,2036.59
2288,2015-03-24,2041.37
2289,2015-03-25,2042.81
2290,2015-03-26,2022.56
2291,2015-03-27,2019.8
2292,2015-03-30,2030.04
2293,2015-03-31,2041.03
2294,2015-04-01,2028.45
2295,2015-04-02,2029.07
2296,2015-04-03,2045.42
2297,2015-04-06,2046.43
2298,2015-04-07,2047.03
2299,2015-04-08,2059.26
2300,2015-04-09,2058.87
2301,2015-04-10,2087.76
2302,2015-04-13,2098.92
2303,2015-04-14,2111.72
2304,2015-04-15,2119.96
2305,2015-04-16,2139.9
2306,2015-04-17,2143.5
2307,2015-04-20,2146.71
2308,2015-04-21,2144.79
2309,2015-04-22,2143.89
2310,2015-04-23,2173.41
2311,2015-04-24,2159.8
2312,2015-04-27,2157.54
2313,2015-04-28,2147.67
2314,2015-04-29,2142.63
2315,2015-04-30,2127.17
2316,2015-05-04,2132.23
2317,2015-05-06,2104.58
2318,2015-05-07,2091
2319,2015-05-08,2085.52
2320,2015-05-11,2097.38
2321,2015-05-12,2096.77
2322,2015-05-13,2114.16
2323,2015-05-14,2120.33
2324,2015-05-15,2106.5
2325,2015-05-18,2113.72
2326,2015-05-19,2120.85
2327,2015-05-20,2139.54
2328,2015-05-21,2122.81
2329,2015-05-22,2146.1
2330,2015-05-26,2143.5
2331,2015-05-27,2107.5
2332,2015-05-28,2110.89
2333,2015-05-29,2114.8
2334,2015-06-01,2102.37
2335,2015-06-02,2078.64
2336,2015-06-03,2063.16
2337,2015-06-04,2072.86
2338,2015-06-05,2068.1
2339,2015-06-08,2065.19
2340,2015-06-09,2064.03
2341,2015-06-10,2051.32
2342,2015-06-11,2056.61
2343,2015-06-12,2052.17
2344,2015-06-15,2042.32
2345,2015-06-16,2028.72
2346,2015-06-17,2034.86
2347,2015-06-18,2041.88
2348,2015-06-19,2046.96
2349,2015-06-22,2055.16
2350,2015-06-23,2081.2
2351,2015-06-24,2085.53
2352,2015-06-25,2085.06
2353,2015-06-26,2090.26
2354,2015-06-29,2060.49
2355,2015-06-30,2074.2
2356,2015-07-01,2097.89
2357,2015-07-02,2107.33
2358,2015-07-03,2104.41
2359,2015-07-06,2053.93
2360,2015-07-07,2040.29
2361,2015-07-08,2016.21
2362,2015-07-09,2027.81
2363,2015-07-10,2031.17
2364,2015-07-13,2061.52
2365,2015-07-14,2059.23
2366,2015-07-15,2072.91
2367,2015-07-16,2087.89
2368,2015-07-17,2076.79
2369,2015-07-20,2073.31
2370,2015-07-21,2083.62
2371,2015-07-22,2064.73
2372,2015-07-23,2065.07
2373,2015-07-24,2045.96
2374,2015-07-27,2038.81
2375,2015-07-28,2039.1
2376,2015-07-29,2037.62
2377,2015-07-30,2019.03
2378,2015-07-31,2030.16
2379,2015-08-03,2008.49
2380,2015-08-04,2027.99
2381,2015-08-05,2029.76
2382,2015-08-06,2013.29
2383,2015-08-07,2010.23
2384,2015-08-10,2003.17
2385,2015-08-11,1986.65
2386,2015-08-12,1975.47
2387,2015-08-13,1983.46
2388,2015-08-17,1968.52
2389,2015-08-18,1956.26
2390,2015-08-19,1939.38
2391,2015-08-20,1914.55
2392,2015-08-21,1876.07
2393,2015-08-24,1829.81
2394,2015-08-25,1846.63
2395,2015-08-26,1894.09
2396,2015-08-27,1908
2397,2015-08-28,1937.67
2398,2015-08-31,1941.49
2399,2015-09-01,1914.23
2400,2015-09-02,1915.22
2401,2015-09-03,1915.53
2402,2015-09-04,1886.04
2403,2015-09-07,1883.22
2404,2015-09-08,1878.68
2405,2015-09-09,1934.2
2406,2015-09-10,1962.11
2407,2015-09-11,1941.37
2408,2015-09-14,1931.46
2409,2015-09-15,1937.56
2410,2015-09-16,1975.45
2411,2015-09-17,1976.49
2412,2015-09-18,1995.95
2413,2015-09-21,1964.68
2414,2015-09-22,1982.06
2415,2015-09-23,1944.64
2416,2015-09-24,1947.1
2417,2015-09-25,1942.85
2418,2015-09-30,1962.81
2419,2015-10-01,1979.32
2420,2015-10-02,1969.68
2421,2015-10-05,1978.25
2422,2015-10-06,1990.65
2423,2015-10-07,2005.84
2424,2015-10-08,2019.53
2425,2015-10-12,2021.63
2426,2015-10-13,2019.05
2427,2015-10-14,2009.55
2428,2015-10-15,2033.27
2429,2015-10-16,2030.26
2430,2015-10-19,2030.27
2431,2015-10-20,2039.36
2432,2015-10-21,2042.98
2433,2015-10-22,2023
2434,2015-10-23,2040.4
2435,2015-10-26,2048.08
2436,2015-10-27,2044.65
2437,2015-10-28,2042.51
2438,2015-10-29,2034.16
2439,2015-10-30,2029.47
2440,2015-11-02,2035.24
2441,2015-11-03,2048.4
2442,2015-11-04,2052.77
2443,2015-11-05,2049.41
2444,2015-11-06,2041.07
2445,2015-11-09,2025.7
2446,2015-11-10,1996.59
2447,2015-11-11,1997.27
2448,2015-11-12,1993.36
2449,2015-11-13,1973.29
2450,2015-11-16,1943.02
2451,2015-11-17,1963.58
2452,2015-11-18,1962.88
2453,2015-11-19,1988.91
2454,2015-11-20,1989.86
2455,2015-11-23,2003.7
2456,2015-11-24,2016.29
2457,2015-11-25,2009.42
2458,2015-11-26,2030.68
2459,2015-11-27,2028.99
2460,2015-11-30,1991.97
2461,2015-12-01,2023.93
2462,2015-12-02,2009.29
2463,2015-12-03,1994.07
2464,2015-12-04,1974.4
2465,2015-12-07,1963.67
2466,2015-12-08,1949.04
2467,2015-12-09,1948.24
2468,2015-12-10,1952.07
2469,2015-12-11,1948.62
2470,2015-12-14,1927.82
2471,2015-12-15,1932.97
2472,2015-12-16,1969.4
2473,2015-12-17,1977.96
2474,2015-12-18,1975.32
2475,2015-12-21,1981.19
2476,2015-12-22,1992.56
2477,2015-12-23,1999.22
2478,2015-12-24,1990.65
2479,2015-12-28,1964.06
2480,2015-12-29,1966.31
2481,2015-12-30,1961.31
2482,2016-01-04,1918.76
2483,2016-01-05,1930.53
2484,2016-01-06,1925.43
2485,2016-01-07,1904.33
2486,2016-01-08,1917.62
2487,2016-01-11,1894.84
2488,2016-01-12,1890.86
2489,2016-01-13,1916.28
2490,2016-01-14,1900.01
2491,2016-01-15,1878.87
2492,2016-01-18,1878.45
2493,2016-01-19,1889.64
2494,2016-01-20,1845.45
2495,2016-01-21,1840.53
2496,2016-01-22,1879.43
2497,2016-01-25,1893.43
2498,2016-01-26,1871.69
2499,2016-01-27,1897.87
2500,2016-01-28,1906.94
2501,2016-01-29,1912.06
2502,2016-02-01,1924.82
2503,2016-02-02,1906.6
2504,2016-02-03,1890.67
2505,2016-02-04,1916.26
2506,2016-02-05,1917.79
2507,2016-02-11,1861.54
2508,2016-02-12,1835.28
2509,2016-02-15,1862.2
2510,2016-02-16,1888.3
2511,2016-02-17,1883.94
2512,2016-02-18,1908.84
2513,2016-02-19,1916.24
2514,2016-02-22,1916.36
2515,2016-02-23,1914.22
2516,2016-02-24,1912.53
2517,2016-02-25,1918.57
2518,2016-02-26,1920.16
2519,2016-02-29,1916.66
2520,2016-03-02,1947.42
2521,2016-03-03,1958.17
2522,2016-03-04,1955.63
2523,2016-03-07,1957.87
2524,2016-03-08,1946.12
2525,2016-03-09,1952.95
2526,2016-03-10,1969.33
2527,2016-03-11,1971.41
2528,2016-03-14,1972.27
2529,2016-03-15,1969.97
2530,2016-03-16,1974.9
2531,2016-03-17,1987.99
2532,2016-03-18,1992.12
2533,2016-03-21,1989.76
2534,2016-03-22,1996.81
2535,2016-03-23,1995.12
2536,2016-03-24,1985.97
2537,2016-03-25,1983.81
2538,2016-03-28,1982.54
2539,2016-03-29,1994.91
2540,2016-03-30,2002.14
2541,2016-03-31,1995.85
2542,2016-04-01,1973.57
2543,2016-04-04,1978.97
2544,2016-04-05,1962.74
2545,2016-04-06,1971.32
2546,2016-04-07,1973.89
2547,2016-04-08,1972.05
2548,2016-04-11,1970.37
2549,2016-04-12,1981.32
2550,2016-04-14,2015.93
2551,2016-04-15,2014.71
2552,2016-04-18,2009.1
2553,2016-04-19,2011.36
2554,2016-04-20,2005.83
2555,2016-04-21,2022.1
2556,2016-04-22,2015.49
2557,2016-04-25,2014.55
2558,2016-04-26,2019.63
2559,2016-04-27,2015.4
2560,2016-04-28,2000.93
2561,2016-04-29,1994.15
2562,2016-05-02,1978.15
2563,2016-05-03,1986.41
2564,2016-05-04,1976.71
2565,2016-05-09,1967.81
2566,2016-05-10,1982.5
2567,2016-05-11,1980.1
2568,2016-05-12,1977.49
2569,2016-05-13,1966.99
2570,2016-05-16,1967.91
2571,2016-05-17,1968.06
2572,2016-05-18,1956.73
2573,2016-05-19,1946.78
2574,2016-05-20,1947.67
2575,2016-05-23,1955.25
2576,2016-05-24,1937.68
2577,2016-05-25,1960.51
2578,2016-05-26,1957.06
2579,2016-05-27,1969.17
2580,2016-05-30,1967.13
2581,2016-05-31,1983.4
2582,2016-06-01,1982.72
2583,2016-06-02,1985.11
2584,2016-06-03,1985.84
2585,2016-06-07,2011.63
2586,2016-06-08,2027.08
2587,2016-06-09,2024.17
2588,2016-06-10,2017.63
2589,2016-06-13,1979.06
2590,2016-06-14,1972.03
2591,2016-06-15,1968.83
2592,2016-06-16,1951.99
2593,2016-06-17,1953.4
2594,2016-06-20,1981.12
2595,2016-06-21,1982.7
2596,2016-06-22,1992.58
2597,2016-06-23,1986.71
2598,2016-06-24,1925.24
2599,2016-06-27,1926.85
2600,2016-06-28,1936.22
2601,2016-06-29,1956.36
2602,2016-06-30,1970.35
2603,2016-07-01,1987.32
2604,2016-07-04,1995.3
2605,2016-07-05,1989.85
2606,2016-07-06,1953.12
2607,2016-07-07,1974.08
2608,2016-07-08,1963.1
2609,2016-07-11,1988.54
2610,2016-07-12,1991.23
2611,2016-07-13,2005.55
2612,2016-07-14,2008.77
2613,2016-07-15,2017.26
2614,2016-07-18,2021.11
2615,2016-07-19,2016.89
2616,2016-07-20,2015.46
2617,2016-07-21,2012.22
2618,2016-07-22,2010.34
2619,2016-07-25,2012.32
2620,2016-07-26,2027.34
2621,2016-07-27,2025.05
2622,2016-07-28,2021.1
2623,2016-07-29,2016.19
2624,2016-08-01,2029.61
2625,2016-08-02,2019.03
2626,2016-08-03,1994.79
2627,2016-08-04,2000.03
2628,2016-08-05,2017.94
2629,2016-08-08,2031.12
2630,2016-08-09,2043.78
2631,2016-08-10,2044.64
2632,2016-08-11,2048.8
2633,2016-08-12,2050.47
2634,2016-08-16,2047.76
2635,2016-08-17,2043.75
2636,2016-08-18,2055.47
2637,2016-08-19,2056.24
2638,2016-08-22,2042.16
2639,2016-08-23,2049.93
2640,2016-08-24,2043.76
2641,2016-08-25,2042.92
2642,2016-08-26,2037.5
2643,2016-08-29,2032.35
2644,2016-08-30,2039.74
2645,2016-08-31,2034.65
2646,2016-09-01,2032.72
2647,2016-09-02,2038.31
2648,2016-09-05,2060.08
2649,2016-09-06,2066.53
2650,2016-09-07,2061.88
2651,2016-09-08,2063.73
2652,2016-09-09,2037.87
2653,2016-09-12,1991.48
2654,2016-09-13,1999.36
2655,2016-09-19,2015.78
2656,2016-09-20,2025.71
2657,2016-09-21,2035.99
2658,2016-09-22,2049.7
2659,2016-09-23,2054.07
2660,2016-09-26,2047.11
2661,2016-09-27,2062.82
2662,2016-09-28,2053.06
2663,2016-09-29,2068.72
2664,2016-09-30,2043.63
2665,2016-10-04,2054.86
2666,2016-10-05,2053
2667,2016-10-06,2065.3
2668,2016-10-07,2053.8
2669,2016-10-10,2056.82
2670,2016-10-11,2031.93
2671,2016-10-12,2033.73
2672,2016-10-13,2015.44
2673,2016-10-14,2022.66
2674,2016-10-17,2027.61
2675,2016-10-18,2040.43
2676,2016-10-19,2040.94
2677,2016-10-20,2040.6
2678,2016-10-21,2033
2679,2016-10-24,2047.74
2680,2016-10-25,2037.17
2681,2016-10-26,2013.89
2682,2016-10-27,2024.12
2683,2016-10-28,2019.42
2684,2016-10-31,2008.19
2685,2016-11-01,2007.39
2686,2016-11-02,1978.94
2687,2016-11-03,1983.8
2688,2016-11-04,1982.02
2689,2016-11-07,1997.58
2690,2016-11-08,2003.38
2691,2016-11-09,1958.38
2692,2016-11-10,2002.6
2693,2016-11-11,1984.43
2694,2016-11-14,1974.4
2695,2016-11-15,1967.53
2696,2016-11-16,1979.65
2697,2016-11-17,1980.55
2698,2016-11-18,1974.58
2699,2016-11-21,1966.05
2700,2016-11-22,1983.47
2701,2016-11-23,1987.95
2702,2016-11-24,1971.26
2703,2016-11-25,1974.46
2704,2016-11-28,1978.13
2705,2016-11-29,1978.39
2706,2016-11-30,1983.48
2707,2016-12-01,1983.75
2708,2016-12-02,1970.61
2709,2016-12-05,1963.36
2710,2016-12-06,1989.86
2711,2016-12-07,1991.89
2712,2016-12-08,2031.07
2713,2016-12-09,2024.69
2714,2016-12-12,2027.24
2715,2016-12-13,2035.98
2716,2016-12-14,2036.87
2717,2016-12-15,2036.65
2718,2016-12-16,2042.24
2719,2016-12-19,2038.39
2720,2016-12-20,2041.94
2721,2016-12-21,2037.96
2722,2016-12-22,2035.73
2723,2016-12-23,2035.9
2724,2016-12-26,2037.75
2725,2016-12-27,2042.17
2726,2016-12-28,2024.49
2727,2016-12-29,2026.46
2728,2017-01-02,2026.16
2729,2017-01-03,2043.97
2730,2017-01-04,2045.64
2731,2017-01-05,2041.95
2732,2017-01-06,2049.12
2733,2017-01-09,2048.78
2734,2017-01-10,2045.12
2735,2017-01-11,2075.17
2736,2017-01-12,2087.14
2737,2017-01-13,2076.79
2738,2017-01-16,2064.17
2739,2017-01-17,2071.87
2740,2017-01-18,2070.54
2741,2017-01-19,2072.79
2742,2017-01-20,2065.61
2743,2017-01-23,2065.99
2744,2017-01-24,2065.76
2745,2017-01-25,2066.94
2746,2017-01-26,2083.59
2747,2017-01-31,2067.57
2748,2017-02-01,2080.48
2749,2017-02-02,2071.01
2750,2017-02-03,2073.16
2751,2017-02-06,2077.66
2752,2017-02-07,2075.21
2753,2017-02-08,2065.08
2754,2017-02-09,2065.88
2755,2017-02-10,2075.08
2756,2017-02-13,2078.65
2757,2017-02-14,2074.57
2758,2017-02-15,2083.86
2759,2017-02-16,2081.84
2760,2017-02-17,2080.58
2761,2017-02-20,2084.39
2762,2017-02-21,2102.93
2763,2017-02-22,2106.61
2764,2017-02-23,2107.63
2765,2017-02-24,2094.12
2766,2017-02-27,2085.52
2767,2017-02-28,2091.64
2768,2017-03-02,2102.65
2769,2017-03-03,2078.75
2770,2017-03-06,2081.36
2771,2017-03-07,2094.05
2772,2017-03-08,2095.41
2773,2017-03-09,2091.06
2774,2017-03-10,2097.35
2775,2017-03-13,2117.59
2776,2017-03-14,2133.78
2777,2017-03-15,2133
2778,2017-03-16,2150.08
2779,2017-03-17,2164.58
2780,2017-03-20,2157.01
2781,2017-03-21,2178.38
2782,2017-03-22,2168.3
2783,2017-03-23,2172.72
2784,2017-03-24,2168.95
2785,2017-03-27,2155.66
2786,2017-03-28,2163.31
2787,2017-03-29,2166.98
2788,2017-03-30,2164.64
2789,2017-03-31,2160.23
2790,2017-04-03,2167.51
2791,2017-04-04,2161.1
2792,2017-04-05,2160.85
2793,2017-04-06,2152.75
2794,2017-04-07,2151.73
2795,2017-04-10,2133.32
2796,2017-04-11,2123.85
2797,2017-04-12,2128.91
2798,2017-04-13,2148.61
2799,2017-04-14,2134.88
2800,2017-04-17,2145.76
2801,2017-04-18,2148.46
2802,2017-04-19,2138.4
2803,2017-04-20,2149.15
2804,2017-04-21,2165.04
2805,2017-04-24,2173.74
2806,2017-04-25,2196.85
2807,2017-04-26,2207.84
2808,2017-04-27,2209.46
2809,2017-04-28,2205.44
2810,2017-05-02,2219.67
2811,2017-05-04,2241.24
2812,2017-05-08,2292.76
2813,2017-05-10,2270.12
2814,2017-05-11,2296.37
2815,2017-05-12,2286.02
2816,2017-05-15,2290.65
2817,2017-05-16,2295.33
2818,2017-05-17,2293.08
2819,2017-05-18,2286.82
2820,2017-05-19,2288.48
2821,2017-05-22,2304.03
2822,2017-05-23,2311.74
2823,2017-05-24,2317.34
2824,2017-05-25,2342.93
2825,2017-05-26,2355.3
2826,2017-05-29,2352.97
2827,2017-05-30,2343.68
2828,2017-05-31,2347.38
2829,2017-06-01,2344.61
2830,2017-06-02,2371.72
2831,2017-06-05,2368.62
2832,2017-06-07,2360.14
2833,2017-06-08,2363.57
2834,2017-06-09,2381.69
2835,2017-06-12,2357.87
2836,2017-06-13,2374.7
2837,2017-06-14,2372.64
2838,2017-06-15,2361.65
2839,2017-06-16,2361.83
2840,2017-06-19,2370.9
2841,2017-06-20,2369.23
2842,2017-06-21,2357.53
2843,2017-06-22,2370.37
2844,2017-06-23,2378.6
2845,2017-06-26,2388.66
2846,2017-06-27,2391.95
2847,2017-06-28,2382.56
2848,2017-06-29,2395.66
2849,2017-06-30,2391.79
2850,2017-07-03,2394.48
2851,2017-07-04,2380.52
2852,2017-07-05,2388.35
2853,2017-07-06,2387.81
2854,2017-07-07,2379.87
2855,2017-07-10,2382.1
2856,2017-07-11,2396
2857,2017-07-12,2391.77
2858,2017-07-13,2409.49
2859,2017-07-14,2414.63
2860,2017-07-17,2425.1
2861,2017-07-18,2426.04
2862,2017-07-19,2429.94
2863,2017-07-20,2441.84
2864,2017-07-21,2450.06
2865,2017-07-24,2451.53
2866,2017-07-25,2439.9
2867,2017-07-26,2434.51
2868,2017-07-27,2443.24
2869,2017-07-28,2400.99
2870,2017-07-31,2402.71
2871,2017-08-01,2422.96
2872,2017-08-02,2427.63
2873,2017-08-03,2386.85
2874,2017-08-04,2395.45
2875,2017-08-07,2398.75
2876,2017-08-08,2394.73
2877,2017-08-09,2368.39
2878,2017-08-10,2359.47
2879,2017-08-11,2319.71
2880,2017-08-14,2334.22
2881,2017-08-16,2348.26
2882,2017-08-17,2361.67
2883,2017-08-18,2358.37
2884,2017-08-21,2355
2885,2017-08-22,2365.33
2886,2017-08-23,2366.4
2887,2017-08-24,2375.84
2888,2017-08-25,2378.51
2889,2017-08-28,2370.3
2890,2017-08-29,2364.74
2891,2017-08-30,2372.29
2892,2017-08-31,2363.19
2893,2017-09-01,2357.69
2894,2017-09-04,2329.65
2895,2017-09-05,2326.62
2896,2017-09-06,2319.82
2897,2017-09-07,2346.19
2898,2017-09-08,2343.72
2899,2017-09-11,2359.08
2900,2017-09-12,2365.47
2901,2017-09-13,2360.18
2902,2017-09-14,2377.66
2903,2017-09-15,2386.07
2904,2017-09-18,2418.21
2905,2017-09-19,2416.05
2906,2017-09-20,2412.2
2907,2017-09-21,2406.5
2908,2017-09-22,2388.71
2909,2017-09-25,2380.4
2910,2017-09-26,2374.32
2911,2017-09-27,2372.57
2912,2017-09-28,2373.14
2913,2017-09-29,2394.47
2914,2017-10-10,2433.81
2915,2017-10-11,2458.16
2916,2017-10-12,2474.76
2917,2017-10-13,2473.62
2918,2017-10-16,2480.05
2919,2017-10-17,2484.37
2920,2017-10-18,2482.91
2921,2017-10-19,2473.06
2922,2017-10-20,2489.54
2923,2017-10-23,2490.05
2924,2017-10-24,2490.49
2925,2017-10-25,2492.5
2926,2017-10-26,2480.63
2927,2017-10-27,2496.63
2928,2017-10-30,2501.93
2929,2017-10-31,2523.43
2930,2017-11-01,2556.47
2931,2017-11-02,2546.36
2932,2017-11-03,2557.97
2933,2017-11-06,2549.41
2934,2017-11-07,2545.44
2935,2017-11-08,2552.4
2936,2017-11-09,2550.57
2937,2017-11-10,2542.95
2938,2017-11-13,2530.35
2939,2017-11-14,2526.64
2940,2017-11-15,2518.25
2941,2017-11-16,2534.79
2942,2017-11-17,2533.99
2943,2017-11-20,2527.67
2944,2017-11-21,2530.7
2945,2017-11-22,2540.51
2946,2017-11-23,2537.15
2947,2017-11-24,2544.33
2948,2017-11-27,2507.81
2949,2017-11-28,2514.19
2950,2017-11-29,2512.9
2951,2017-11-30,2476.37
2952,2017-12-01,2475.41
2953,2017-12-04,2501.67
2954,2017-12-05,2510.12
2955,2017-12-06,2474.37
2956,2017-12-07,2461.98
2957,2017-12-08,2464
2958,2017-12-11,2471.49
2959,2017-12-12,2461
2960,2017-12-13,2480.55
2961,2017-12-14,2469.48
2962,2017-12-15,2482.07
2963,2017-12-18,2481.88
2964,2017-12-19,2478.53
2965,2017-12-20,2472.37
2966,2017-12-21,2429.83
2967,2017-12-22,2440.54
2968,2017-12-26,2427.34
2969,2017-12-27,2436.67
2970,2017-12-28,2467.49
2971,2018-01-02,2479.65
2972,2018-01-03,2486.35
2973,2018-01-04,2466.46
2974,2018-01-05,2497.52
2975,2018-01-08,2513.28
2976,2018-01-09,2510.23
2977,2018-01-10,2499.75
2978,2018-01-11,2487.91
2979,2018-01-12,2496.42
2980,2018-01-15,2503.73
2981,2018-01-16,2521.74
2982,2018-01-17,2515.43
2983,2018-01-18,2515.81
2984,2018-01-19,2520.26
2985,2018-01-22,2502.11
2986,2018-01-23,2536.6
2987,2018-01-24,2538
2988,2018-01-25,2562.23
2989,2018-01-26,2574.76
2990,2018-01-29,2598.19
2991,2018-01-30,2567.74
2992,2018-01-31,2566.46
2993,2018-02-01,2568.54
2994,2018-02-02,2525.39
2995,2018-02-05,2491.75
2996,2018-02-06,2453.31
2997,2018-02-07,2396.56
2998,2018-02-08,2407.62
2999,2018-02-09,2363.77
3000,2018-02-12,2385.38
3001,2018-02-13,2395.19
3002,2018-02-14,2421.83
3003,2018-02-19,2442.82
3004,2018-02-20,2415.12
3005,2018-02-21,2429.65
3006,2018-02-22,2414.28
3007,2018-02-23,2451.52
3008,2018-02-26,2457.65
3009,2018-02-27,2456.14
3010,2018-02-28,2427.36
3011,2018-03-02,2402.16
3012,2018-03-05,2375.06
3013,2018-03-06,2411.41
3014,2018-03-07,2401.82
3015,2018-03-08,2433.08
3016,2018-03-09,2459.45
3017,2018-03-12,2484.12
3018,2018-03-13,2494.49
3019,2018-03-14,2486.08
3020,2018-03-15,2492.38
3021,2018-03-16,2493.97
3022,2018-03-19,2475.03
3023,2018-03-20,2485.52
3024,2018-03-21,2484.97
3025,2018-03-22,2496.02
3026,2018-03-23,2416.76
3027,2018-03-26,2437.08
3028,2018-03-27,2452.06
3029,2018-03-28,2419.29
3030,2018-03-29,2436.37
3031,2018-03-30,2445.85
3032,2018-04-02,2444.16
3033,2018-04-03,2442.43
3034,2018-04-04,2408.06
3035,2018-04-05,2437.52
3036,2018-04-06,2429.58
3037,2018-04-09,2444.08
3038,2018-04-10,2450.74
3039,2018-04-11,2444.22
3040,2018-04-12,2442.71
3041,2018-04-13,2455.07
3042,2018-04-16,2457.49
3043,2018-04-17,2453.77
3044,2018-04-18,2479.98
3045,2018-04-19,2486.1
3046,2018-04-20,2476.33
3047,2018-04-23,2474.11
3048,2018-04-24,2464.14
3049,2018-04-25,2448.81
3050,2018-04-26,2475.64
3051,2018-04-27,2492.4
3052,2018-04-30,2515.38
3053,2018-05-02,2505.61
3054,2018-05-03,2487.25
3055,2018-05-04,2461.38
3056,2018-05-08,2449.81
3057,2018-05-09,2443.98
3058,2018-05-10,2464.16
3059,2018-05-11,2477.71
3060,2018-05-14,2476.11
3061,2018-05-15,2458.54
3062,2018-05-16,2459.82
3063,2018-05-17,2448.45
3064,2018-05-18,2460.65
3065,2018-05-21,2465.57
3066,2018-05-23,2471.91
3067,2018-05-24,2466.01
3068,2018-05-25,2460.8
3069,2018-05-28,2478.96
3070,2018-05-29,2457.25
3071,2018-05-30,2409.03
3072,2018-05-31,2423.01
3073,2018-06-01,2438.96
3074,2018-06-04,2447.76
3075,2018-06-05,2453.76
3076,2018-06-07,2470.58
3077,2018-06-08,2451.58
3078,2018-06-11,2470.15
3079,2018-06-12,2468.83
3080,2018-06-14,2423.48
3081,2018-06-15,2404.04
3082,2018-06-18,2376.24
3083,2018-06-19,2340.11
3084,2018-06-20,2363.91
3085,2018-06-21,2337.83
3086,2018-06-22,2357.22
3087,2018-06-25,2357.88
3088,2018-06-26,2350.92
3089,2018-06-27,2342.03
3090,2018-06-28,2314.24
3091,2018-06-29,2326.13
3092,2018-07-02,2271.54
3093,2018-07-03,2272.76
3094,2018-07-04,2265.46
3095,2018-07-05,2257.55
3096,2018-07-06,2272.87
3097,2018-07-09,2285.8
3098,2018-07-10,2294.16
3099,2018-07-11,2280.62
3100,2018-07-12,2285.06
3101,2018-07-13,2310.9
3102,2018-07-16,2301.99
3103,2018-07-17,2297.92
3104,2018-07-18,2290.11
3105,2018-07-19,2282.29
3106,2018-07-20,2289.19
3107,2018-07-23,2269.31
3108,2018-07-24,2280.2
3109,2018-07-25,2273.03
3110,2018-07-26,2289.06
3111,2018-07-27,2294.99
3112,2018-07-30,2293.51
3113,2018-07-31,2295.26
3114,2018-08-01,2307.07
3115,2018-08-02,2270.2
3116,2018-08-03,2287.68
3117,2018-08-06,2286.5
3118,2018-08-07,2300.16
3119,2018-08-08,2301.45
3120,2018-08-09,2303.71
3121,2018-08-10,2282.79
3122,2018-08-13,2248.45
3123,2018-08-14,2258.91
3124,2018-08-16,2240.8
3125,2018-08-17,2247.05
3126,2018-08-20,2247.88
3127,2018-08-21,2270.06
3128,2018-08-22,2273.33
3129,2018-08-23,2282.6
3130,2018-08-24,2293.21
3131,2018-08-27,2299.3
3132,2018-08-28,2303.12
3133,2018-08-29,2309.03
3134,2018-08-30,2307.35
3135,2018-08-31,2322.88
3136,2018-09-03,2307.03
3137,2018-09-04,2315.72
3138,2018-09-05,2291.77
3139,2018-09-06,2287.61
3140,2018-09-07,2281.58
3141,2018-09-10,2288.66
3142,2018-09-11,2283.2
3143,2018-09-12,2282.92
3144,2018-09-13,2286.23
3145,2018-09-14,2318.25
3146,2018-09-17,2303.01
3147,2018-09-18,2308.98
3148,2018-09-19,2308.46
3149,2018-09-20,2323.45
3150,2018-09-21,2339.17
3151,2018-09-27,2355.43
3152,2018-09-28,2343.07
3153,2018-10-01,2338.88
3154,2018-10-02,2309.57
3155,2018-10-04,2274.49
3156,2018-10-05,2267.52
3157,2018-10-08,2253.83
3158,2018-10-10,2228.61
3159,2018-10-11,2129.67
3160,2018-10-12,2161.85
3161,2018-10-15,2145.12
3162,2018-10-16,2145.12
3163,2018-10-17,2167.51
3164,2018-10-18,2148.31
3165,2018-10-19,2156.26
3166,2018-10-22,2161.71
3167,2018-10-23,2106.1
3168,2018-10-24,2097.58
3169,2018-10-25,2063.3
3170,2018-10-26,2027.15
3171,2018-10-29,1996.05
3172,2018-10-30,2014.69
3173,2018-10-31,2029.69
3174,2018-11-01,2024.46
3175,2018-11-02,2096
3176,2018-11-05,2076.92
3177,2018-11-06,2089.62
3178,2018-11-07,2078.69
3179,2018-11-08,2092.63
3180,2018-11-09,2086.09
3181,2018-11-12,2080.44
3182,2018-11-13,2071.23
3183,2018-11-14,2068.05
3184,2018-11-15,2088.06
3185,2018-11-16,2092.4
3186,2018-11-19,2100.56
3187,2018-11-20,2082.58
3188,2018-11-21,2076.55
3189,2018-11-22,2069.95
3190,2018-11-23,2057.48
3191,2018-11-26,2083.02
3192,2018-11-27,2099.42
3193,2018-11-28,2108.22
3194,2018-11-29,2114.1
3195,2018-11-30,2096.86
3196,2018-12-03,2131.93
3197,2018-12-04,2114.35
3198,2018-12-05,2101.31
3199,2018-12-06,2068.69
3200,2018-12-07,2075.76
3201,2018-12-10,2053.79
3202,2018-12-11,2052.97
3203,2018-12-12,2082.57
3204,2018-12-13,2095.55
3205,2018-12-14,2069.38
3206,2018-12-17,2071.09
3207,2018-12-18,2062.11
3208,2018-12-19,2078.84
3209,2018-12-20,2060.12
3210,2018-12-21,2061.49
3211,2018-12-24,2055.01
3212,2018-12-26,2028.01
3213,2018-12-27,2028.44
3214,2018-12-28,2041.04
3215,2019-01-02,2010
3216,2019-01-03,1993.7
3217,2019-01-04,2010.25
3218,2019-01-07,2037.1
3219,2019-01-08,2025.27
3220,2019-01-09,2064.71
3221,2019-01-10,2063.28
3222,2019-01-11,2075.57
3223,2019-01-14,2064.52
3224,2019-01-15,2097.18
3225,2019-01-16,2106.1
3226,2019-01-17,2107.06
3227,2019-01-18,2124.28
3228,2019-01-21,2124.61
3229,2019-01-22,2117.77
3230,2019-01-23,2127.78
3231,2019-01-24,2145.03
3232,2019-01-25,2177.73
3233,2019-01-28,2177.3
3234,2019-01-29,2183.36
3235,2019-01-30,2206.2
3236,2019-01-31,2204.85
3237,2019-02-01,2203.46
3238,2019-02-07,2203.42
3239,2019-02-08,2177.05
3240,2019-02-11,2180.73
3241,2019-02-12,2190.47
3242,2019-02-13,2201.48
3243,2019-02-14,2225.85
3244,2019-02-15,2196.09
3245,2019-02-18,2210.89
3246,2019-02-19,2205.63
3247,2019-02-20,2229.76
3248,2019-02-21,2228.66
3249,2019-02-22,2230.5
3250,2019-02-25,2232.56
3251,2019-02-26,2226.6
3252,2019-02-27,2234.79
3253,2019-02-28,2195.44
3254,2019-03-04,2190.66
3255,2019-03-05,2179.23
3256,2019-03-06,2175.6
3257,2019-03-07,2165.79
3258,2019-03-08,2137.44
3259,2019-03-11,2138.1
3260,2019-03-12,2157.18
3261,2019-03-13,2148.41
3262,2019-03-14,2155.68
3263,2019-03-15,2176.11
3264,2019-03-18,2179.49
3265,2019-03-19,2177.62
3266,2019-03-20,2177.1
3267,2019-03-21,2184.88
3268,2019-03-22,2186.95
3269,2019-03-25,2144.86
3270,2019-03-26,2148.8
3271,2019-03-27,2145.62
3272,2019-03-28,2128.1
3273,2019-03-29,2140.67
3274,2019-04-01,2168.28
3275,2019-04-02,2177.18
3276,2019-04-03,2203.27
3277,2019-04-04,2206.53
3278,2019-04-05,2209.61
3279,2019-04-08,2210.6
3280,2019-04-09,2213.56
3281,2019-04-10,2224.39
3282,2019-04-11,2224.44
3283,2019-04-12,2233.45
3284,2019-04-15,2242.88
3285,2019-04-16,2248.63
3286,2019-04-17,2245.89
3287,2019-04-18,2213.77
3288,2019-04-19,2216.15
3289,2019-04-22,2216.65
3290,2019-04-23,2220.51
3291,2019-04-24,2201.03
3292,2019-04-25,2190.5
3293,2019-04-26,2179.31
3294,2019-04-29,2216.43
3295,2019-04-30,2203.59
3296,2019-05-02,2212.75
3297,2019-05-03,2196.32
3298,2019-05-07,2176.99
3299,2019-05-08,2168.01
3300,2019-05-09,2102.01
3301,2019-05-10,2108.04
3302,2019-05-13,2079.01
3303,2019-05-14,2081.84
3304,2019-05-15,2092.78
3305,2019-05-16,2067.69
3306,2019-05-17,2055.8
3307,2019-05-20,2055.71
3308,2019-05-21,2061.25
3309,2019-05-22,2064.86
3310,2019-05-23,2059.59
3311,2019-05-24,2045.31
3312,2019-05-27,2044.21
3313,2019-05-28,2048.83
3314,2019-05-29,2023.32
3315,2019-05-30,2038.8
3316,2019-05-31,2041.74
3317,2019-06-03,2067.85
3318,2019-06-04,2066.97
3319,2019-06-05,2069.11
3320,2019-06-07,2072.33
3321,2019-06-10,2099.49
3322,2019-06-11,2111.81
3323,2019-06-12,2108.75
3324,2019-06-13,2103.15
3325,2019-06-14,2095.41
3326,2019-06-17,2090.73
3327,2019-06-18,2098.71
3328,2019-06-19,2124.78
3329,2019-06-20,2131.29
3330,2019-06-21,2125.62
3331,2019-06-24,2126.33
3332,2019-06-25,2121.64
3333,2019-06-26,2121.85
3334,2019-06-27,2134.32
3335,2019-06-28,2130.62
3336,2019-07-01,2129.74
3337,2019-07-02,2122.02
3338,2019-07-03,2096.02
3339,2019-07-04,2108.73
3340,2019-07-05,2110.59
3341,2019-07-08,2064.17
3342,2019-07-09,2052.03
3343,2019-07-10,2058.78
3344,2019-07-11,2080.58
3345,2019-07-12,2086.66
3346,2019-07-15,2082.48
3347,2019-07-16,2091.87
3348,2019-07-17,2072.92
3349,2019-07-18,2066.55
3350,2019-07-19,2094.36
3351,2019-07-22,2093.34
3352,2019-07-23,2101.45
3353,2019-07-24,2082.3
3354,2019-07-25,2074.48
3355,2019-07-26,2066.26
3356,2019-07-29,2029.48
3357,2019-07-30,2038.68
3358,2019-07-31,2024.55
3359,2019-08-01,2017.34
3360,2019-08-02,1998.13
3361,2019-08-05,1946.98
3362,2019-08-06,1917.5
3363,2019-08-07,1909.71
3364,2019-08-08,1920.61
3365,2019-08-09,1937.75
3366,2019-08-12,1942.29
3367,2019-08-13,1925.83
3368,2019-08-14,1938.37
3369,2019-08-16,1927.17
3370,2019-08-19,1939.9
3371,2019-08-20,1960.25
3372,2019-08-21,1964.65
3373,2019-08-22,1951.01
3374,2019-08-23,1948.3
3375,2019-08-26,1916.31
3376,2019-08-27,1924.6
3377,2019-08-28,1941.09
3378,2019-08-29,1933.41
3379,2019-08-30,1967.79
3380,2019-09-02,1969.19
3381,2019-09-03,1965.69
3382,2019-09-04,1988.53
3383,2019-09-05,2004.75
3384,2019-09-06,2009.13
3385,2019-09-09,2019.55
3386,2019-09-10,2032.08
3387,2019-09-11,2049.2
3388,2019-09-16,2062.22
3389,2019-09-17,2062.33
3390,2019-09-18,2070.73
3391,2019-09-19,2080.35
3392,2019-09-20,2091.52
3393,2019-09-23,2091.7
3394,2019-09-24,2101.04
3395,2019-09-25,2073.39
3396,2019-09-26,2074.52
3397,2019-09-27,2049.93
3398,2019-09-30,2063.05
3399,2019-10-01,2072.42
3400,2019-10-02,2031.91
3401,2019-10-04,2020.69
3402,2019-10-07,2021.73
3403,2019-10-08,2046.25
3404,2019-10-10,2028.15
3405,2019-10-11,2044.61
3406,2019-10-14,2067.4
3407,2019-10-15,2068.17
3408,2019-10-16,2082.83
3409,2019-10-17,2077.94
3410,2019-10-18,2060.69
3411,2019-10-21,2064.84
3412,2019-10-22,2088.86
3413,2019-10-23,2080.62
3414,2019-10-24,2085.66
3415,2019-10-25,2087.89
3416,2019-10-28,2093.6
3417,2019-10-29,2092.69
3418,2019-10-30,2080.27
3419,2019-10-31,2083.48
3420,2019-11-01,2100.2
3421,2019-11-04,2130.24
3422,2019-11-05,2142.64
3423,2019-11-06,2144.15
3424,2019-11-07,2144.29
3425,2019-11-08,2137.23
3426,2019-11-11,2124.09
3427,2019-11-12,2140.92
3428,2019-11-13,2122.45
3429,2019-11-14,2139.23
3430,2019-11-15,2162.18
3431,2019-11-18,2160.69
3432,2019-11-19,2153.24
3433,2019-11-20,2125.32
3434,2019-11-21,2096.6
3435,2019-11-22,2101.96
3436,2019-11-25,2123.5
3437,2019-11-26,2121.35
3438,2019-11-27,2127.85
3439,2019-11-28,2118.6
3440,2019-11-29,2087.96
3441,2019-12-02,2091.92
3442,2019-12-03,2084.07
3443,2019-12-04,2068.89
3444,2019-12-05,2060.74
3445,2019-12-06,2081.85
3446,2019-12-09,2088.65
3447,2019-12-10,2098
3448,2019-12-11,2105.62
3449,2019-12-12,2137.35
3450,2019-12-13,2170.25
3451,2019-12-16,2168.15
3452,2019-12-17,2195.68
3453,2019-12-18,2194.76
3454,2019-12-19,2196.56
3455,2019-12-20,2204.18
3456,2019-12-23,2203.71
3457,2019-12-24,2190.08
3458,2019-12-26,2197.93
3459,2019-12-27,2204.21
3460,2019-12-30,2197.67
3461,2020-01-02,2175.17
3462,2020-01-03,2176.46
3463,2020-01-06,2155.07
3464,2020-01-07,2175.54
3465,2020-01-08,2151.31
3466,2020-01-09,2186.45
3467,2020-01-10,2206.39
3468,2020-01-13,2229.26
3469,2020-01-14,2238.88
3470,2020-01-15,2230.98
3471,2020-01-16,2248.05
3472,2020-01-17,2250.57
3473,2020-01-20,2262.64
3474,2020-01-21,2239.69
3475,2020-01-22,2267.25
3476,2020-01-23,2246.13
3477,2020-01-28,2176.72
3478,2020-01-29,2185.28
3479,2020-01-30,2148
3480,2020-01-31,2119.01
3481,2020-02-03,2118.88
3482,2020-02-04,2157.9
3483,2020-02-05,2165.63
3484,2020-02-06,2227.94
3485,2020-02-07,2211.95
3486,2020-02-10,2201.07
3487,2020-02-11,2223.12
3488,2020-02-12,2238.38
3489,2020-02-13,2232.96
3490,2020-02-14,2243.59
3491,2020-02-17,2242.17
3492,2020-02-18,2208.88
3493,2020-02-19,2210.34
3494,2020-02-20,2195.5
3495,2020-02-21,2162.84
3496,2020-02-24,2079.04
3497,2020-02-25,2103.61
3498,2020-02-26,2076.77
3499,2020-02-27,2054.89
3500,2020-02-28,1987.01
3501,2020-03-02,2002.51
3502,2020-03-03,2014.15
3503,2020-03-04,2059.33
3504,2020-03-05,2085.26
3505,2020-03-06,2040.22
3506,2020-03-09,1954.77
3507,2020-03-10,1962.93
3508,2020-03-11,1908.27
3509,2020-03-12,1834.33
3510,2020-03-13,1771.44
3511,2020-03-16,1714.86
3512,2020-03-17,1672.44
3513,2020-03-18,1591.2
3514,2020-03-19,1457.64
3515,2020-03-20,1566.15
3516,2020-03-23,1482.46
3517,2020-03-24,1609.97
3518,2020-03-25,1704.76
3519,2020-03-26,1686.24
3520,2020-03-27,1717.73
3521,2020-03-30,1717.12
3522,2020-03-31,1754.64
3523,2020-04-01,1685.46
3524,2020-04-02,1724.86
3525,2020-04-03,1725.44
3526,2020-04-06,1791.88
3527,2020-04-07,1823.6
3528,2020-04-08,1807.14
3529,2020-04-09,1836.21
3530,2020-04-10,1860.7
3531,2020-04-13,1825.76
3532,2020-04-14,1857.08
3533,2020-04-16,1857.07
3534,2020-04-17,1914.53
3535,2020-04-20,1898.36
3536,2020-04-21,1879.38
3537,2020-04-22,1896.15
3538,2020-04-23,1914.73
3539,2020-04-24,1889.01
3540,2020-04-27,1922.77
3541,2020-04-28,1934.09
3542,2020-04-29,1947.56
3543,2020-05-04,1895.37
3544,2020-05-06,1928.76
3545,2020-05-07,1928.61
3546,2020-05-08,1945.82
3547,2020-05-11,1935.4
3548,2020-05-12,1922.17
3549,2020-05-13,1940.42
3550,2020-05-14,1924.96
3551,2020-05-15,1927.28
3552,2020-05-18,1937.11
3553,2020-05-19,1980.61
3554,2020-05-20,1989.64
3555,2020-05-21,1998.31
3556,2020-05-22,1970.13
3557,2020-05-25,1994.6
3558,2020-05-26,2029.78
3559,2020-05-27,2031.2
3560,2020-05-28,2028.54
3561,2020-05-29,2029.6
3562,2020-06-01,2065.08
3563,2020-06-02,2087.19
3564,2020-06-03,2147
3565,2020-06-04,2151.18
3566,2020-06-05,2181.87
3567,2020-06-08,2184.29
3568,2020-06-09,2188.92
3569,2020-06-10,2195.69
3570,2020-06-11,2176.78
3571,2020-06-12,2132.3
3572,2020-06-15,2030.82
3573,2020-06-16,2138.05
3574,2020-06-17,2141.05
3575,2020-06-18,2133.48
3576,2020-06-19,2141.32
3577,2020-06-22,2126.73
3578,2020-06-23,2131.24
3579,2020-06-24,2161.51
3580,2020-06-25,2112.37
3581,2020-06-26,2134.65
3582,2020-06-29,2093.48
3583,2020-06-30,2108.33
3584,2020-07-01,2106.7
3585,2020-07-02,2135.37
3586,2020-07-03,2152.41
3587,2020-07-06,2187.93
3588,2020-07-07,2164.17
3589,2020-07-08,2158.88
3590,2020-07-09,2167.9
3591,2020-07-10,2150.25
3592,2020-07-13,2186.06
3593,2020-07-14,2183.61
3594,2020-07-15,2201.88
3595,2020-07-16,2183.76
3596,2020-07-17,2201.19
3597,2020-07-20,2198.2
3598,2020-07-21,2228.83
3599,2020-07-22,2228.66
3600,2020-07-23,2216.19
3601,2020-07-24,2200.44
3602,2020-07-27,2217.86
3603,2020-07-28,2256.99
3604,2020-07-29,2263.16
3605,2020-07-30,2267.01
3606,2020-07-31,2249.37
3607,2020-08-03,2251.04
3608,2020-08-04,2279.97
3609,2020-08-05,2311.86
3610,2020-08-06,2342.61
3611,2020-08-07,2351.67
3612,2020-08-10,2386.38
3613,2020-08-11,2418.67
3614,2020-08-12,2432.35
3615,2020-08-13,2437.53
3616,2020-08-14,2407.49
3617,2020-08-18,2348.24
3618,2020-08-19,2360.54
3619,2020-08-20,2274.22
3620,2020-08-21,2304.59
3621,2020-08-24,2329.83
3622,2020-08-25,2366.73
3623,2020-08-26,2369.32
3624,2020-08-27,2344.45
3625,2020-08-28,2353.8
3626,2020-08-31,2326.17
3627,2020-09-01,2349.55
3628,2020-09-02,2364.37
3629,2020-09-03,2395.9
3630,2020-09-04,2368.25
3631,2020-09-07,2384.22
3632,2020-09-08,2401.91
3633,2020-09-09,2375.81
3634,2020-09-10,2396.48
3635,2020-09-11,2396.69
3636,2020-09-14,2427.91
3637,2020-09-15,2443.58
3638,2020-09-16,2435.92
3639,2020-09-17,2406.17
3640,2020-09-18,2412.4
3641,2020-09-21,2389.39
3642,2020-09-22,2332.59
3643,2020-09-23,2333.24
3644,2020-09-24,2272.7
3645,2020-09-25,2278.79
3646,2020-09-28,2308.08
3647,2020-09-29,2327.89
3648,2020-10-05,2358
3649,2020-10-06,2365.9
3650,2020-10-07,2386.94
3651,2020-10-08,2391.96
3652,2020-10-12,2403.73
3653,2020-10-13,2403.15
3654,2020-10-14,2380.48
3655,2020-10-15,2361.21
3656,2020-10-16,2341.53
3657,2020-10-19,2346.74
3658,2020-10-20,2358.41
3659,2020-10-21,2370.86
3660,2020-10-22,2355.05
3661,2020-10-23,2360.81
3662,2020-10-26,2343.91
3663,2020-10-27,2330.84
3664,2020-10-28,2345.26
3665,2020-10-29,2326.67
3666,2020-10-30,2267.15
3667,2020-11-02,2300.16
3668,2020-11-03,2343.31
3669,2020-11-04,2357.32
3670,2020-11-05,2413.79
3671,2020-11-06,2416.5
3672,2020-11-09,2447.2
3673,2020-11-10,2452.83
3674,2020-11-11,2485.87
3675,2020-11-12,2475.62
3676,2020-11-13,2493.87
3677,2020-11-16,2543.03
3678,2020-11-17,2539.15
3679,2020-11-18,2545.64
3680,2020-11-19,2547.42
3681,2020-11-20,2553.5
3682,2020-11-23,2602.59
3683,2020-11-24,2617.76
3684,2020-11-25,2601.54
3685,2020-11-26,2625.91
3686,2020-11-27,2633.45
3687,2020-11-30,2591.34
3688,2020-12-01,2634.25
3689,2020-12-02,2675.9
3690,2020-12-03,2696.22
3691,2020-12-04,2731.45
3692,2020-12-07,2745.44
3693,2020-12-08,2700.93
3694,2020-12-09,2755.47
3695,2020-12-10,2746.46
3696,2020-12-11,2770.06
3697,2020-12-14,2762.2
3698,2020-12-15,2756.82
3699,2020-12-16,2771.79
3700,2020-12-17,2770.43
3701,2020-12-18,2772.18
3702,2020-12-21,2778.65
3703,2020-12-22,2733.68
3704,2020-12-23,2759.82
3705,2020-12-24,2806.86
3706,2020-12-28,2808.6
3707,2020-12-29,2820.51
3708,2020-12-30,2873.47
3709,2021-01-04,2944.45
3710,2021-01-05,2990.57
3711,2021-01-06,2968.21
3712,2021-01-07,3031.68
3713,2021-01-08,3152.18
3714,2021-01-11,3148.45
3715,2021-01-12,3125.95
3716,2021-01-13,3148.29
3717,2021-01-14,3149.93
3718,2021-01-15,3085.9
3719,2021-01-18,3013.93
3720,2021-01-19,3092.66
3721,2021-01-20,3114.55
3722,2021-01-21,3160.84
3723,2021-01-22,3140.63
3724,2021-01-25,3208.99
3725,2021-01-26,3140.31
3726,2021-01-27,3122.56
3727,2021-01-28,3069.05
3728,2021-01-29,2976.21
3729,2021-02-01,3056.53
3730,2021-02-02,3096.81
3731,2021-02-03,3129.68
3732,2021-02-04,3087.55
3733,2021-02-05,3120.63
3734,2021-02-08,3091.24
3735,2021-02-09,3084.67
3736,2021-02-10,3100.58
3737,2021-02-15,3147
3738,2021-02-16,3163.25
3739,2021-02-17,3133.73
3740,2021-02-18,3086.66
3741,2021-02-19,3107.62
3742,2021-02-22,3079.75
3743,2021-02-23,3070.09
3744,2021-02-24,2994.98
3745,2021-02-25,3099.69
3746,2021-02-26,3012.95
3747,2021-03-02,3043.87
3748,2021-03-03,3082.99
3749,2021-03-04,3043.49
3750,2021-03-05,3026.26
3751,2021-03-08,2996.11
3752,2021-03-09,2976.12
3753,2021-03-10,2958.12
3754,2021-03-11,3013.7
3755,2021-03-12,3054.39
3756,2021-03-15,3045.71
3757,2021-03-16,3067.17
3758,2021-03-17,3047.5
3759,2021-03-18,3066.01
3760,2021-03-19,3039.53
3761,2021-03-22,3035.46
3762,2021-03-23,3004.74
3763,2021-03-24,2996.35
3764,2021-03-25,3008.33
3765,2021-03-26,3041.01
3766,2021-03-29,3036.04
3767,2021-03-30,3070
3768,2021-03-31,3061.42
3769,2021-04-01,3087.4
3770,2021-04-02,3112.8
3771,2021-04-05,3120.83
3772,2021-04-06,3127.08
3773,2021-04-07,3137.41
3774,2021-04-08,3143.26
3775,2021-04-09,3131.88
3776,2021-04-12,3135.59
3777,2021-04-13,3169.08
3778,2021-04-14,3182.38
3779,2021-04-15,3194.33
3780,2021-04-16,3198.62
3781,2021-04-19,3198.84
3782,2021-04-20,3220.7
3783,2021-04-21,3171.66
3784,2021-04-22,3177.52
3785,2021-04-23,3186.1
3786,2021-04-26,3217.53
3787,2021-04-27,3215.42
3788,2021-04-28,3181.47
3789,2021-04-29,3174.07
3790,2021-04-30,3147.86
3791,2021-05-03,3127.2
3792,2021-05-04,3147.37
3793,2021-05-06,3178.74
3794,2021-05-07,3197.2
3795,2021-05-10,3249.3
3796,2021-05-11,3209.43
3797,2021-05-12,3161.66
3798,2021-05-13,3122.11
3799,2021-05-14,3153.32
3800,2021-05-17,3134.52
3801,2021-05-18,3173.05
3802,2021-05-20,3162.28
3803,2021-05-21,3156.42
3804,2021-05-24,3144.3
3805,2021-05-25,3171.32
3806,2021-05-26,3168.43
3807,2021-05-27,3165.51
3808,2021-05-28,3188.73
3809,2021-05-31,3203.92
3810,2021-06-01,3221.87
3811,2021-06-02,3224.23
3812,2021-06-03,3247.43
3813,2021-06-04,3240.08
3814,2021-06-07,3252.12
3815,2021-06-08,3247.83
3816,2021-06-09,3216.18
3817,2021-06-10,3224.64
3818,2021-06-11,3249.32
3819,2021-06-14,3252.13
3820,2021-06-15,3258.63
3821,2021-06-16,3278.68
3822,2021-06-17,3264.96
3823,2021-06-18,3267.93
3824,2021-06-21,3240.79
3825,2021-06-22,3263.88
3826,2021-06-23,3276.19
3827,2021-06-24,3286.1
3828,2021-06-25,3302.84
3829,2021-06-28,3301.89
3830,2021-06-29,3286.68
3831,2021-06-30,3296.68
3832,2021-07-01,3282.06
3833,2021-07-02,3281.78
3834,2021-07-05,3293.21
3835,2021-07-06,3305.21
3836,2021-07-07,3285.34
3837,2021-07-08,3252.68
3838,2021-07-09,3217.95
3839,2021-07-12,3246.47
3840,2021-07-13,3271.38
3841,2021-07-14,3264.81
3842,2021-07-15,3286.22
3843,2021-07-16,3276.91
3844,2021-07-19,3244.04
3845,2021-07-20,3232.7
3846,2021-07-21,3215.91
3847,2021-07-22,3250.21
3848,2021-07-23,3254.42
3849,2021-07-26,3224.95
3850,2021-07-27,3232.53
3851,2021-07-28,3236.86
3852,2021-07-29,3242.65
3853,2021-07-30,3202.32
3854,2021-08-02,3223.04
3855,2021-08-03,3237.14
3856,2021-08-04,3280.38
3857,2021-08-05,3276.13
3858,2021-08-06,3270.36
3859,2021-08-09,3260.42
3860,2021-08-10,3243.19
3861,2021-08-11,3220.62
3862,2021-08-12,3208.38
3863,2021-08-13,3171.29
3864,2021-08-17,3143.09
3865,2021-08-18,3158.93
3866,2021-08-19,3097.83
3867,2021-08-20,3060.51
3868,2021-08-23,3090.21
3869,2021-08-24,3138.3
3870,2021-08-25,3146.81
3871,2021-08-26,3128.53
3872,2021-08-27,3133.9
3873,2021-08-30,3144.19
3874,2021-08-31,3199.27
3875,2021-09-01,3207.02
3876,2021-09-02,3175.85
3877,2021-09-03,3201.06
3878,2021-09-06,3203.33
3879,2021-09-07,3187.42
3880,2021-09-08,3162.99
3881,2021-09-09,3114.7
3882,2021-09-10,3125.76
3883,2021-09-13,3127.86
3884,2021-09-14,3148.83
3885,2021-09-15,3153.4
3886,2021-09-16,3130.09
3887,2021-09-17,3140.51
3888,2021-09-23,3127.58
3889,2021-09-24,3125.24
3890,2021-09-27,3133.64
3891,2021-09-28,3097.92
3892,2021-09-29,3060.27
3893,2021-09-30,3068.82
3894,2021-10-01,3019.18
3895,2021-10-05,2962.17
3896,2021-10-06,2908.31
3897,2021-10-07,2959.46
3898,2021-10-08,2956.3
3899,2021-10-12,2916.38
3900,2021-10-13,2944.41
3901,2021-10-14,2988.64
3902,2021-10-15,3015.06
3903,2021-10-18,3006.68
3904,2021-10-19,3029.04
3905,2021-10-20,3013.13
3906,2021-10-21,3007.33
3907,2021-10-22,3006.16
3908,2021-10-25,3020.54
3909,2021-10-26,3049.08
3910,2021-10-27,3025.49
3911,2021-10-28,3009.55
3912,2021-10-29,2970.68
3913,2021-11-01,2978.94
3914,2021-11-02,3013.49
3915,2021-11-03,2975.71
3916,2021-11-04,2983.22
3917,2021-11-05,2969.27
3918,2021-11-08,2960.2
3919,2021-11-09,2962.46
3920,2021-11-10,2930.17
3921,2021-11-11,2924.92
3922,2021-11-12,2968.8
3923,2021-11-15,2999.52
3924,2021-11-16,2997.21
3925,2021-11-17,2962.42
3926,2021-11-18,2947.38
3927,2021-11-19,2971.02
3928,2021-11-22,3013.25
3929,2021-11-23,2997.33
3930,2021-11-24,2994.29
3931,2021-11-25,2980.27
3932,2021-11-26,2936.44
3933,2021-11-29,2909.32
3934,2021-11-30,2839.01
3935,2021-12-01,2899.72
3936,2021-12-02,2945.27
3937,2021-12-03,2968.33
3938,2021-12-06,2973.25
3939,2021-12-07,2991.72
3940,2021-12-08,3001.8
3941,2021-12-09,3029.57
3942,2021-12-10,3010.23
3943,2021-12-13,3001.66
3944,2021-12-14,2987.95
3945,2021-12-15,2989.39
3946,2021-12-16,3006.41
3947,2021-12-17,3017.73
3948,2021-12-20,2963
3949,2021-12-21,2975.03
3950,2021-12-22,2984.48
3951,2021-12-23,2998.17
3952,2021-12-24,3012.43
3953,2021-12-27,2999.55
3954,2021-12-28,3020.24
3955,2021-12-29,2993.29
3956,2021-12-30,2977.65
